customer_id,first_name,last_name,email,gender,ip_address,city,country
1,Tyne,Pennyman,tpennyman0@google.nl,Female,116.138.174.218,Moscow,Russia
2,Gennie,Buntine,gbuntine1@tripadvisor.com,Female,173.226.150.71,Moscow,Russia
3,Teddie,Blaszczynski,tblaszczynski2@t-online.de,Male,133.127.130.34,Berlin,Germany
4,Fredric,Wiltsher,fwiltsher3@myspace.com,Male,89.246.163.141,Lisbon,Portequese
5,Sheppard,Mell,smell4@miitbeian.gov.cn,Male,33.21.42.163,SanFrancisco,USA
6,Zared,Chippindall,zchippindall5@ebay.co.uk,Male,55.175.160.121,Barcelona,Spain
7,Ciel,Crome,ccrome6@geocities.com,Female,242.178.101.185,Berlin,Germany
8,Matteo,Pagden,mpagden7@upenn.edu,Male,47.117.149.120,Copenhagen,Norway
9,Benedicto,Pitkeathly,bpitkeathly8@yandex.ru,Male,225.32.15.87,Lisbon,Portequese
10,Hercule,Butler,hbutler9@yolasite.com,Male,42.127.16.59,Quebec,Canada
11,Tresa,Winwright,twinwrighta@csmonitor.com,Female,92.239.106.71,Milan,Italy
12,Gael,Odlin,godlinb@wufoo.com,Female,94.42.207.236,Paris,France
13,Allin,Boadby,aboadbyc@tamu.edu,Male,124.97.202.97,Oslo,Sweden
14,Fayth,Smitheram,fsmitheramd@newsvine.com,Female,139.230.74.139,Barcelona,Spain
15,Robbert,Kiggel,rkiggele@state.tx.us,Male,248.201.18.250,Moscow,Russia
16,Alisa,Crosser,acrosserf@nyu.edu,Female,239.124.36.198,Newyork,USA
17,Norrie,Vuittet,nvuittetg@oakley.com,Male,209.180.170.183,Frankfurt,Germany
18,Karlens,Puckrin,kpuckrinh@typepad.com,Male,212.173.183.196,Amsterdam,Netherlands
19,Valenka,Jeays,vjeaysi@yellowpages.com,Female,111.242.144.210,Warshow,Poland
20,Reg,Tadgell,rtadgellj@admin.ch,Male,83.26.37.88,Moscow,Russia
21,Noah,Cool,ncoolk@businessinsider.com,Male,244.136.30.214,Malaga,Spain
22,Eva,Anderson,eandersonl@ftc.gov,Female,62.151.71.42,Mexico City,Mexico
23,Bianca,Belson,bbelsonm@si.edu,Female,3.201.28.152,LosAngeles,USA
24,Pippo,Korbmaker,pkorbmakern@imgur.com,Male,52.217.213.60,Mexico City,Mexico
25,Marwin,Izakovitz,mizakovitzo@tripod.com,Male,251.143.179.195,LosAngeles,USA
26,Emlyn,Swindall,eswindallp@hatena.ne.jp,Female,92.204.50.95,Petersburg,Russia
27,Maryanna,Adamsen,madamsenq@yahoo.com,Female,39.179.176.141,Quebec,Canada
28,Stormie,Tuffs,stuffsr@unc.edu,Female,8.239.103.110,Barcelona,Spain
29,Otto,Jirusek,ojiruseks@topsy.com,Male,3.186.30.51,Brussels,Belgium
30,Dukey,Gibke,dgibket@google.com.hk,Male,24.18.62.176,Izmir,Turkey
31,Sergei,Bewick,sbewicku@vkontakte.ru,Male,32.88.148.215,Paris,France
32,Aurelia,Carass,acarassv@blinklist.com,Female,169.39.210.143,Frankfurt,Germany
33,Nevil,Paulson,npaulsonw@rediff.com,Male,73.28.13.68,Paris,France
34,Tana,Lared,tlaredx@google.co.jp,Female,12.254.165.3,Izmir,Turkey
35,Rey,Robarts,rrobartsy@hostgator.com,Female,186.248.251.242,Istanbul,Turkey
36,Cirilo,Davet,cdavetz@archive.org,Male,115.87.184.44,Warshow,Poland
37,Calvin,Colhoun,ccolhoun10@cbslocal.com,Male,226.196.213.61,Paris,France
38,Fair,Langstone,flangstone11@meetup.com,Male,0.176.173.151,London,England
39,Steward,Benito,sbenito12@goo.gl,Male,33.152.185.88,London,England
40,Patty,Buff,pbuff13@washington.edu,Male,199.26.87.1,Brussels,Belgium
41,Rodrigo,Brownjohn,rbrownjohn14@yale.edu,Male,117.142.106.120,Oslo,Sweden
42,Gal,Loines,gloines15@t.co,Male,89.222.207.213,Brussels,Belgium
43,Stanwood,Martignoni,smartignoni16@goo.ne.jp,Male,22.241.182.153,Mexico City,Mexico
44,Lelia,Trott,ltrott17@istockphoto.com,Female,245.76.179.252,Istanbul,Turkey
45,Kermit,Trunby,ktrunby18@statcounter.com,Male,188.147.144.109,Rotterdam,Netherlands
46,Farlie,Blaze,fblaze19@opensource.org,Male,197.148.233.169,Rome,Italy
47,Ignatius,Dignan,idignan1a@constantcontact.com,Male,31.110.175.244,Rome,Italy
48,Warde,Brik,wbrik1b@symantec.com,Male,184.242.198.244,Lisbon,Portequese
49,Susanne,McPolin,smcpolin1c@nps.gov,Female,92.238.119.238,Warshow,Poland
50,Carroll,Blampied,cblampied1d@bandcamp.com,Female,59.122.214.238,Warshow,Poland
51,Rodger,Bottlestone,rbottlestone1e@123-reg.co.uk,Male,151.95.167.76,Berlin,Germany
52,Cullie,Revan,crevan1f@google.com,Male,19.64.178.196,Mexico City,Mexico
53,Lorrie,Bryning,lbryning1g@prlog.org,Female,74.91.42.255,LosAngeles,USA
54,Kerrie,Cradoc,kcradoc1h@dmoz.org,Female,131.85.47.232,Lisbon,Portequese
55,Tremayne,Cerro,tcerro1i@samsung.com,Male,236.109.23.128,Copenhagen,Norway
56,Drucy,Wardington,dwardington1j@miibeian.gov.cn,Female,108.101.41.243,Istanbul,Turkey
57,Menard,Holston,mholston1k@java.com,Male,41.236.71.92,Frankfurt,Germany
58,Garner,Flanders,gflanders1l@house.gov,Male,182.116.130.181,Berlin,Germany
59,Torry,Jeremiah,tjeremiah1m@myspace.com,Male,216.0.192.143,LosAngeles,USA
60,Gerhardt,Thumann,gthumann1n@sfgate.com,Male,192.80.243.250,Berlin,Germany
61,Nester,Mosley,nmosley1o@cbc.ca,Male,65.233.15.27,Oslo,Sweden
62,Andonis,Terrey,aterrey1p@artisteer.com,Male,254.117.222.109,Amsterdam,Netherlands
63,Killian,Winskill,kwinskill1q@house.gov,Male,164.202.37.91,Lisbon,Portequese
64,Cletis,Oliphant,coliphant1r@multiply.com,Male,234.88.113.106,Rome,Italy
65,Wade,Vogl,wvogl1s@posterous.com,Male,60.87.152.74,Mexico City,Mexico
66,Gilbertine,Falkous,gfalkous1t@de.vu,Female,126.227.107.168,Barcelona,Spain
67,Sergeant,Cicullo,scicullo1u@sourceforge.net,Male,221.211.73.134,Amsterdam,Netherlands
68,Lou,Atcheson,latcheson1v@seattletimes.com,Male,113.176.120.27,Berlin,Germany
69,Anni,Bicheno,abicheno1w@wordpress.org,Female,118.169.245.74,SanFrancisco,USA
70,Alisander,Cheeney,acheeney1x@naver.com,Male,244.118.57.25,Rio de Jenerio,Brasil
71,Raf,Whittleton,rwhittleton1y@cisco.com,Female,4.26.233.29,Berlin,Germany
72,Brose,Sonnenschein,bsonnenschein1z@chronoengine.com,Male,168.167.85.216,Izmir,Turkey
73,Julian,Duckels,jduckels20@altervista.org,Male,103.215.57.9,Izmir,Turkey
74,Barret,Gonnard,bgonnard21@1688.com,Male,167.223.31.204,Mexico City,Mexico
75,Donovan,Minelli,dminelli22@cdc.gov,Male,204.51.218.62,Rio de Jenerio,Brasil
76,Rodrique,Whitlow,rwhitlow23@tripod.com,Male,19.144.188.106,Warshow,Poland
77,Ezekiel,Hearsey,ehearsey24@ameblo.jp,Male,220.151.4.129,Copenhagen,Norway
78,Cherice,Pickston,cpickston25@mtv.com,Female,245.112.82.101,Barcelona,Spain
79,Emmerich,Trembley,etrembley26@odnoklassniki.ru,Male,37.250.145.72,Quebec,Canada
80,Herbert,Latham,hlatham27@csmonitor.com,Male,198.66.129.70,Oslo,Sweden
81,Lawton,Lowth,llowth28@nationalgeographic.com,Male,240.233.230.22,Petersburg,Russia
82,Gallagher,Mariolle,gmariolle29@diigo.com,Male,178.12.156.65,Lisbon,Portequese
83,Zebulen,Mulqueeny,zmulqueeny2a@yale.edu,Male,90.152.131.189,Lisbon,Portequese
84,Binni,Gullifant,bgullifant2b@nba.com,Female,17.75.35.214,Oslo,Sweden
85,Meg,Beneyto,mbeneyto2c@cdc.gov,Female,99.66.190.15,Moscow,Russia
86,Farlee,Hobden,fhobden2d@rakuten.co.jp,Male,82.40.56.238,Istanbul,Turkey
87,Kippie,Panchin,kpanchin2e@flickr.com,Male,40.236.122.88,Malaga,Spain
88,Phil,Grahl,pgrahl2f@webeden.co.uk,Male,87.140.25.173,Izmir,Turkey
89,Brandon,Battams,bbattams2g@seattletimes.com,Male,178.173.1.71,Berlin,Germany
90,Merrielle,Hofler,mhofler2h@senate.gov,Female,179.55.176.99,Lisbon,Portequese
91,Ollie,Grooby,ogrooby2i@biblegateway.com,Female,110.65.49.72,Frankfurt,Germany
92,Stu,Very,svery2j@uiuc.edu,Male,38.146.220.252,Milan,Italy
93,Emeline,Duffus,eduffus2k@ucoz.com,Female,232.77.242.85,Amsterdam,Netherlands
94,Rena,Dukelow,rdukelow2l@irs.gov,Female,203.229.252.10,Rotterdam,Netherlands
95,Orv,Mathevet,omathevet2m@mysql.com,Male,89.253.214.61,Oslo,Sweden
96,Ginger,Jelfs,gjelfs2n@answers.com,Female,53.59.156.117,Malaga,Spain
97,Valentijn,Rime,vrime2o@sciencedirect.com,Male,159.239.191.24,SanFrancisco,USA
98,Gabby,Christiensen,gchristiensen2p@google.co.jp,Male,176.252.20.75,Warshow,Poland
99,Rycca,Macguire,rmacguire2q@digg.com,Female,27.200.227.177,Mexico City,Mexico
100,Katharine,Teare,kteare2r@seesaa.net,Female,220.226.115.142,Quebec,Canada
