id,first_name,last_name,email,gender,ip,product_id,qty
1,Tessy,Ladyman,tladyman0@unc.edu,Female,61.41.105.199,2017-05-06,000044,9
2,Mellicent,Feldman,mfeldman1@dedecms.com,Female,162.143.38.115,2017-05-05,000001,9
3,Lorelle,Vitte,lvitte2@dagondesign.com,Female,202.55.83.72,2017-05-29,000022,10
4,Umeko,Planks,uplanks3@51.la,Female,201.244.63.73,2017-05-04,000018,1
5,Timi,Praundl,tpraundl4@pinterest.com,Female,69.12.180.43,2017-05-26,000022,2
6,Mela,Rudkin,mrudkin5@economist.com,Female,202.233.70.211,2017-05-13,000039,9
7,Marshall,Presidey,mpresidey6@usnews.com,Male,233.145.217.192,2017-05-01,000041,7
8,Antonie,Faichney,afaichney7@indiegogo.com,Female,168.178.221.10,2017-05-08,000020,4
9,Ashli,Pilling,apilling8@ovh.net,Female,253.190.219.150,2017-05-28,000002,1
10,Flint,De Carlo,fdecarlo9@msn.com,Male,107.142.251.97,2017-05-11,000043,7
11,Barby,Burghall,bburghalla@about.me,Female,139.10.96.12,2017-05-22,000034,9
12,Kelli,Normanton,knormantonb@cloudflare.com,Female,94.243.182.113,2017-05-23,000011,7
13,Tamas,Neubigin,tneubiginc@tripod.com,Male,72.239.240.159,2017-05-23,000020,7
14,Mirabelle,Cottrell,mcottrelld@epa.gov,Female,102.154.233.50,2017-05-26,000009,1
15,Estrellita,Manners,emannerse@cmu.edu,Female,124.166.29.239,2017-05-08,000012,9
16,Duncan,Asmus,dasmusf@omniture.com,Male,69.162.102.7,2017-05-18,000027,5
17,Rem,Handley,rhandleyg@stumbleupon.com,Male,121.214.22.238,2017-05-10,000011,5
18,Anabella,Hallaways,ahallawaysh@mlb.com,Female,133.147.243.164,2017-05-30,000031,8
19,Ranique,Girardetti,rgirardettii@shop-pro.jp,Female,2.144.171.175,2017-05-13,000031,10
20,Elwood,Graalman,egraalmanj@g.co,Male,36.93.163.167,2017-05-06,000014,7
21,Tully,Skirven,tskirvenk@ucsd.edu,Male,43.103.56.35,2017-05-08,000029,9
22,Angus,MacGahy,amacgahyl@cafepress.com,Male,54.47.65.195,2017-05-01,000044,10
23,Malena,Kither,mkitherm@sbwire.com,Female,128.130.207.107,2017-05-01,000027,4
24,Roth,Piola,rpiolan@dropbox.com,Male,195.193.150.236,2017-05-15,000031,5
25,Caroljean,Hempel,chempelo@eepurl.com,Female,145.192.168.66,2017-05-06,000047,5
26,Nick,Kubiczek,nkubiczekp@blogs.com,Male,53.225.98.67,2017-05-09,000009,1
27,Nataline,Stredwick,nstredwickq@blinklist.com,Female,35.76.48.0,2017-05-27,000005,5
28,Hershel,Hartle,hhartler@opera.com,Male,183.155.168.131,2017-05-19,000041,2
29,Vidovic,Fidler,vfidlers@hatena.ne.jp,Male,11.117.114.187,2017-05-28,000014,1
30,Elinore,Shreeve,eshreevet@ifeng.com,Female,106.147.167.102,2017-05-29,000001,3
31,Vivia,Aylward,vaylwardu@mlb.com,Female,37.20.129.251,2017-05-18,000027,4
32,Wesley,MacRirie,wmacririev@si.edu,Male,255.111.38.232,2017-05-30,000047,4
33,Uri,Scudders,uscuddersw@princeton.edu,Male,127.193.151.206,2017-05-02,000048,10
34,Lacy,Brydon,lbrydonx@cornell.edu,Female,13.79.185.30,2017-05-11,000021,2
35,Delinda,Milkin,dmilkiny@e-recht24.de,Female,157.169.40.130,2017-05-02,000006,7
36,Jarvis,Ladds,jladdsz@cloudflare.com,Male,146.41.179.198,2017-05-10,000021,1
37,Gwenni,Crowth,gcrowth10@columbia.edu,Female,63.199.123.242,2017-05-20,000033,9
38,Dierdre,Bentame,dbentame11@cmu.edu,Female,6.183.106.60,2017-05-13,000034,9
39,Lonna,Jacob,ljacob12@hp.com,Female,143.206.171.239,2017-05-27,000042,2
40,Seumas,Willimott,swillimott13@qq.com,Male,123.167.220.145,2017-05-03,000013,5
41,Ellynn,Harkus,eharkus14@gizmodo.com,Female,237.168.196.110,2017-05-25,000022,2
42,Brooks,Cuckoo,bcuckoo15@admin.ch,Female,117.221.222.242,2017-05-06,000017,5
43,Gale,McQuie,gmcquie16@homestead.com,Female,208.125.4.204,2017-05-09,000016,6
44,Clarinda,Saleway,csaleway17@diigo.com,Female,106.91.67.183,2017-05-19,000038,6
45,Britney,Burehill,bburehill18@about.com,Female,47.35.114.62,2017-05-21,000021,1
46,Francklin,Werlock,fwerlock19@vkontakte.ru,Male,170.127.58.140,2017-05-27,000034,2
47,Joline,Raithbie,jraithbie1a@addtoany.com,Female,226.47.73.191,2017-05-28,000001,3
48,Victoria,Palfreyman,vpalfreyman1b@youku.com,Female,246.62.201.151,2017-05-08,000008,9
49,Dot,Gude,dgude1c@ezinearticles.com,Female,181.150.158.168,2017-05-24,000005,1
50,Sally,Ballaam,sballaam1d@blogger.com,Female,205.214.13.232,2017-05-07,000034,9
51,Marchall,Buckmaster,mbuckmaster1e@samsung.com,Male,245.188.187.27,2017-05-16,000040,10
52,Odo,Auguste,oauguste1f@exblog.jp,Male,75.237.56.43,2017-05-18,000046,2
53,Troy,Borrows,tborrows1g@icq.com,Male,173.238.163.85,2017-05-19,000009,1
54,Marris,Postans,mpostans1h@angelfire.com,Female,225.224.148.58,2017-05-09,000009,3
55,Jdavie,Kenner,jkenner1i@meetup.com,Male,243.156.125.207,2017-05-23,000010,8
56,Tabby,Van Dale,tvandale1j@deviantart.com,Female,70.35.128.182,2017-05-26,000037,4
57,Anjanette,Jovis,ajovis1k@omniture.com,Female,157.174.125.7,2017-05-03,000020,9
58,Baird,Haresnaip,bharesnaip1l@loc.gov,Male,133.73.5.97,2017-05-14,000043,3
59,Wells,Grain,wgrain1m@msu.edu,Male,113.223.170.230,2017-05-02,000004,6
60,Liesa,Rodolfi,lrodolfi1n@pcworld.com,Female,202.164.176.236,2017-05-11,000014,2
61,Kingston,Mendonca,kmendonca1o@aol.com,Male,46.246.223.79,2017-05-23,000036,6
62,Rurik,Solano,rsolano1p@issuu.com,Male,29.129.254.121,2017-05-16,000004,9
63,Berty,Battson,bbattson1q@slashdot.org,Male,88.64.49.62,2017-05-02,000015,2
64,Dwain,Keeri,dkeeri1r@amazonaws.com,Male,70.173.129.77,2017-05-02,000020,2
65,Ed,Hindmore,ehindmore1s@reverbnation.com,Male,33.93.4.191,2017-05-16,000015,8
66,Clay,Baroux,cbaroux1t@t-online.de,Male,218.31.239.75,2017-05-09,000024,7
67,Godfrey,Colam,gcolam1u@so-net.ne.jp,Male,212.42.109.112,2017-05-29,000025,7
68,Egor,Lawleff,elawleff1v@aol.com,Male,96.209.51.131,2017-05-08,000048,7
69,Maximo,Crowder,mcrowder1w@bing.com,Male,74.244.76.232,2017-05-27,000049,3
70,Foster,Noirel,fnoirel1x@google.com,Male,237.138.36.49,2017-05-29,000027,4
71,Constantino,Cadden,ccadden1y@goo.gl,Male,147.164.140.121,2017-05-17,000013,2
72,Fabio,Ygo,fygo1z@cloudflare.com,Male,35.169.30.66,2017-05-12,000027,1
73,Yasmeen,Abdee,yabdee20@deviantart.com,Female,122.170.127.49,2017-05-14,000020,7
74,Katine,Engley,kengley21@baidu.com,Female,230.114.134.208,2017-05-23,000005,10
75,Lottie,Fellona,lfellona22@chron.com,Female,7.91.197.117,2017-05-25,000035,6
76,Kenna,Perez,kperez23@amazon.co.uk,Female,42.86.36.229,2017-05-06,000044,10
77,Ermina,Whiteside,ewhiteside24@multiply.com,Female,144.133.190.73,2017-05-01,000036,3
78,Darya,Maciaszek,dmaciaszek25@amazon.de,Female,84.66.39.128,2017-05-19,000001,8
79,Arlene,Goodie,agoodie26@w3.org,Female,131.7.209.147,2017-05-20,000008,1
80,Henri,Como,hcomo27@illinois.edu,Male,130.236.216.132,2017-05-24,000003,6
81,Vladimir,Choupin,vchoupin28@ameblo.jp,Male,252.171.145.192,2017-05-31,000008,9
82,Kiel,Cranson,kcranson29@dot.gov,Male,110.178.145.229,2017-05-17,000047,2
83,Troy,Mitford,tmitford2a@themeforest.net,Male,53.140.207.155,2017-05-25,000009,3
84,Nolana,Fagg,nfagg2b@purevolume.com,Female,173.115.233.218,2017-05-11,000036,3
85,Shamus,Dagger,sdagger2c@npr.org,Male,65.103.45.219,2017-05-06,000032,2
86,Ichabod,Saur,isaur2d@businessweek.com,Male,45.151.162.187,2017-05-28,000015,8
87,Dwight,Kingman,dkingman2e@psu.edu,Male,19.217.100.59,2017-05-11,000009,9
88,Myrilla,Taggart,mtaggart2f@delicious.com,Female,122.175.244.98,2017-05-10,000014,8
89,Harlene,Kaufman,hkaufman2g@privacy.gov.au,Female,252.33.39.147,2017-05-17,000048,8
90,Jo ann,Awcoate,jawcoate2h@webs.com,Female,167.202.251.73,2017-05-26,000040,10
91,Klara,Skirvin,kskirvin2i@upenn.edu,Female,228.30.222.238,2017-05-17,000045,8
92,Xylina,Itzcovichch,xitzcovichch2j@exblog.jp,Female,187.7.119.73,2017-05-23,000003,6
93,Wendie,Haspineall,whaspineall2k@foxnews.com,Female,68.203.87.104,2017-05-30,000011,2
94,Tremaine,Knoble,tknoble2l@51.la,Male,12.61.181.105,2017-05-04,000021,10
95,Garreth,Yggo,gyggo2m@thetimes.co.uk,Male,189.25.137.237,2017-05-19,000020,5
96,Sukey,Reims,sreims2n@netscape.com,Female,129.138.47.142,2017-05-17,000026,10
97,Corina,Etherson,cetherson2o@oracle.com,Female,113.24.23.202,2017-05-05,000023,2
98,Orin,Alejandro,oalejandro2p@surveymonkey.com,Male,215.24.206.232,2017-05-03,000040,6
99,Peirce,Worman,pworman2q@joomla.org,Male,187.99.164.61,2017-05-10,000037,4
100,Waly,Dougharty,wdougharty2r@github.com,Female,82.133.208.102,2017-05-11,000047,7
101,Clari,Tregaskis,ctregaskis2s@oracle.com,Female,82.130.147.204,2017-05-08,000011,10
102,Sara-ann,Tew,stew2t@taobao.com,Female,51.240.181.183,2017-05-22,000038,1
103,Durant,Izac,dizac2u@slashdot.org,Male,25.22.99.116,2017-05-14,000042,2
104,Allistir,Leivers,aleivers2v@nymag.com,Male,108.190.132.124,2017-05-16,000008,1
105,Hewie,Garthshore,hgarthshore2w@i2i.jp,Male,106.229.75.211,2017-05-29,000018,6
106,Dorothee,Hamper,dhamper2x@printfriendly.com,Female,237.11.12.146,2017-05-04,000012,10
107,Frazer,Jurisic,fjurisic2y@clickbank.net,Male,182.238.82.98,2017-05-27,000027,2
108,Amalita,Mackin,amackin2z@i2i.jp,Female,18.195.181.166,2017-05-29,000017,5
109,Clive,Carnegie,ccarnegie30@issuu.com,Male,237.188.165.202,2017-05-04,000002,2
110,Kelbee,Osmond,kosmond31@hao123.com,Male,67.230.208.148,2017-05-11,000047,5
111,Marylin,Allchorn,mallchorn32@msu.edu,Female,243.116.87.231,2017-05-09,000049,3
112,Leroi,Carty,lcarty33@g.co,Male,221.208.243.208,2017-05-17,000032,5
113,Kevan,Ducker,kducker34@quantcast.com,Male,109.46.183.100,2017-05-23,000037,7
114,Karel,Bladon,kbladon35@about.me,Male,162.96.160.194,2017-05-07,000028,2
115,Isabeau,Kerne,ikerne36@opensource.org,Female,109.46.212.116,2017-05-12,000029,6
116,Valaria,Whitewood,vwhitewood37@behance.net,Female,254.179.198.14,2017-05-24,000012,10
117,Jerry,Rider,jrider38@yellowbook.com,Male,128.116.122.204,2017-05-03,000018,7
118,Maurita,Wenman,mwenman39@oaic.gov.au,Female,56.162.123.228,2017-05-29,000046,1
119,Maritsa,Cyson,mcyson3a@cafepress.com,Female,179.112.49.31,2017-05-05,000026,2
120,Ruthi,Redsell,rredsell3b@domainmarket.com,Female,35.186.112.209,2017-05-23,000017,8
121,Briney,oldey,boldey3c@issuu.com,Female,242.137.109.183,2017-05-10,000024,2
122,Verina,Kasparski,vkasparski3d@whitehouse.gov,Female,41.120.51.237,2017-05-29,000010,4
123,Phineas,Fenton,pfenton3e@opensource.org,Male,96.99.68.19,2017-05-03,000036,4
124,Denny,Avery,davery3f@exblog.jp,Male,85.154.133.10,2017-05-08,000006,5
125,Chas,De Simoni,cdesimoni3g@is.gd,Male,59.240.77.84,2017-05-02,000041,5
126,Silvano,Deighan,sdeighan3h@mapy.cz,Male,58.29.0.139,2017-05-04,000044,2
127,Blaine,Castanyer,bcastanyer3i@unblog.fr,Male,174.40.111.139,2017-05-18,000017,10
128,Cosetta,Totterdill,ctotterdill3j@nbcnews.com,Female,41.166.220.151,2017-05-30,000029,3
129,Gisella,Harrington,gharrington3k@ucsd.edu,Female,170.145.244.149,2017-05-24,000007,1
130,Marcellina,Guirard,mguirard3l@chicagotribune.com,Female,113.234.6.163,2017-05-22,000035,6
131,Hogan,MacCartney,hmaccartney3m@usnews.com,Male,227.82.252.203,2017-05-26,000013,3
132,Ceil,Jeckells,cjeckells3n@gnu.org,Female,71.111.128.23,2017-05-10,000001,2
133,Avie,Jeanet,ajeanet3o@fastcompany.com,Female,34.24.128.97,2017-05-07,000013,2
134,Imelda,Skeeles,iskeeles3p@princeton.edu,Female,15.12.13.80,2017-05-07,000038,4
135,Karoly,Izchaki,kizchaki3q@pcworld.com,Male,251.97.253.129,2017-05-02,000021,5
136,Derick,Mockler,dmockler3r@xinhuanet.com,Male,175.232.115.106,2017-05-29,000022,3
137,Zoe,Wimlett,zwimlett3s@gmpg.org,Female,64.191.168.139,2017-05-20,000050,3
138,Dev,Pottell,dpottell3t@vimeo.com,Male,130.143.101.96,2017-05-21,000034,7
139,Chalmers,Archanbault,carchanbault3u@psu.edu,Male,181.172.47.181,2017-05-18,000045,5
140,Oby,Vinecombe,ovinecombe3v@wikimedia.org,Male,69.58.27.209,2017-05-06,000003,9
141,Debera,Penwell,dpenwell3w@google.ru,Female,225.60.156.59,2017-05-14,000032,7
142,Koenraad,Toffetto,ktoffetto3x@ftc.gov,Male,30.182.69.211,2017-05-25,000013,4
143,Leona,Mc Harg,lmcharg3y@liveinternet.ru,Female,101.27.100.96,2017-05-26,000040,7
144,Kimbell,Merioth,kmerioth3z@mashable.com,Male,68.46.15.233,2017-05-05,000023,6
145,Reeba,Stopford,rstopford40@mac.com,Female,232.114.199.152,2017-05-04,000020,10
146,Cathryn,Mucklow,cmucklow41@arizona.edu,Female,154.64.244.77,2017-05-15,000040,1
147,Dulci,Detoile,ddetoile42@forbes.com,Female,55.101.32.164,2017-05-28,000004,3
148,Tabb,Lamb-shine,tlambshine43@yelp.com,Male,31.234.44.143,2017-05-03,000042,3
149,Silvan,Deetlefs,sdeetlefs44@nifty.com,Male,73.221.103.96,2017-05-30,000011,2
150,Codie,Conring,cconring45@hatena.ne.jp,Female,39.229.228.2,2017-05-04,000014,6
151,Jamima,Cullip,jcullip46@theglobeandmail.com,Female,211.246.201.102,2017-05-02,000004,4
152,Yettie,Cowill,ycowill47@youtu.be,Female,203.191.150.122,2017-05-19,000004,9
153,Padget,Chew,pchew48@marriott.com,Male,160.105.143.198,2017-05-21,000003,6
154,Deane,Joincey,djoincey49@nsw.gov.au,Female,140.132.226.255,2017-05-31,000033,10
155,Leandra,Smalley,lsmalley4a@aboutads.info,Female,155.235.10.168,2017-05-26,000045,2
156,Shelden,Marriott,smarriott4b@samsung.com,Male,102.227.164.78,2017-05-01,000049,2
157,Alie,Seaking,aseaking4c@yahoo.com,Female,82.67.43.203,2017-05-05,000028,4
158,Tymon,Sloy,tsloy4d@goo.ne.jp,Male,248.112.55.28,2017-05-01,000022,6
159,Avigdor,Gerardet,agerardet4e@altervista.org,Male,36.140.162.180,2017-05-14,000010,10
160,Gabby,Corthes,gcorthes4f@spiegel.de,Male,41.98.159.182,2017-05-17,000003,9
161,Dorey,Franceschino,dfranceschino4g@answers.com,Female,8.4.104.38,2017-05-12,000036,5
162,Hammad,Pietsma,hpietsma4h@reddit.com,Male,7.202.231.186,2017-05-14,000023,4
163,Marketa,Sidaway,msidaway4i@icq.com,Female,229.35.86.12,2017-05-25,000018,7
164,Aleece,Kachel,akachel4j@sogou.com,Female,60.128.159.148,2017-05-20,000001,8
165,Anna-diane,Mannock,amannock4k@slideshare.net,Female,154.19.137.18,2017-05-25,000025,7
166,Ranique,Foote,rfoote4l@shutterfly.com,Female,141.201.147.250,2017-05-03,000005,10
167,Edi,Fittis,efittis4m@mapy.cz,Female,147.119.227.42,2017-05-19,000025,4
168,Gunner,Enser,genser4n@eepurl.com,Male,244.42.88.38,2017-05-03,000036,1
169,Cleo,Duny,cduny4o@jiathis.com,Female,238.129.240.120,2017-05-17,000026,9
170,Oby,Petrashkov,opetrashkov4p@eventbrite.com,Male,245.155.230.45,2017-05-18,000048,4
171,Beatrisa,Pray,bpray4q@usnews.com,Female,42.66.58.107,2017-05-28,000049,3
172,Wilburt,Pampling,wpampling4r@cbsnews.com,Male,107.184.49.204,2017-05-04,000027,4
173,Jeanelle,Brainsby,jbrainsby4s@google.it,Female,45.177.116.29,2017-05-23,000015,8
174,Winslow,Garlee,wgarlee4t@boston.com,Male,236.64.83.22,2017-05-01,000042,3
175,Theodoric,Nangle,tnangle4u@w3.org,Male,5.172.48.139,2017-05-19,000048,5
176,Redford,Tarquini,rtarquini4v@godaddy.com,Male,4.83.66.52,2017-05-09,000040,9
177,Wenona,Menier,wmenier4w@opera.com,Female,0.105.155.237,2017-05-09,000041,6
178,Jack,Ruppertz,jruppertz4x@so-net.ne.jp,Male,233.156.37.73,2017-05-26,000036,2
179,Kakalina,Bresnen,kbresnen4y@cyberchimps.com,Female,249.232.113.213,2017-05-17,000031,5
180,Giffie,Will,gwill4z@t.co,Male,97.246.162.153,2017-05-13,000049,4
181,Gustavus,Milley,gmilley50@washington.edu,Male,86.222.120.250,2017-05-31,000046,4
182,Allx,Wardrope,awardrope51@noaa.gov,Female,244.203.153.243,2017-05-31,000030,10
183,Savina,Scorah,sscorah52@bing.com,Female,127.128.231.66,2017-05-27,000021,10
184,Lori,Porkiss,lporkiss53@washingtonpost.com,Female,11.84.141.38,2017-05-21,000027,7
185,Farrand,Sibbe,fsibbe54@va.gov,Female,241.248.92.153,2017-05-11,000012,3
186,Udale,Surcomb,usurcomb55@rakuten.co.jp,Male,131.29.124.175,2017-05-17,000048,6
187,Sigismund,Flowers,sflowers56@wikipedia.org,Male,136.156.111.24,2017-05-30,000007,1
188,Cello,Acres,cacres57@cpanel.net,Male,109.212.165.27,2017-05-24,000011,1
189,Lucky,Wissbey,lwissbey58@de.vu,Female,32.31.34.94,2017-05-25,000044,6
190,Ramon,Deyes,rdeyes59@usgs.gov,Male,17.188.100.181,2017-05-21,000050,3
191,Wadsworth,Braunstein,wbraunstein5a@whitehouse.gov,Male,27.48.3.106,2017-05-27,000018,5
192,Bili,Androletti,bandroletti5b@addthis.com,Female,115.189.214.203,2017-05-16,000047,3
193,Marleah,Kilday,mkilday5c@imageshack.us,Female,188.219.49.46,2017-05-28,000050,4
194,Denney,Ure,dure5d@fda.gov,Male,255.202.186.138,2017-05-11,000020,5
195,Astrid,Donaher,adonaher5e@mit.edu,Female,157.107.53.103,2017-05-16,000033,6
196,Engelbert,Beyn,ebeyn5f@bandcamp.com,Male,231.239.127.160,2017-05-13,000042,9
197,Jorgan,Jaulmes,jjaulmes5g@ucoz.ru,Male,45.40.252.233,2017-05-19,000004,7
198,Shari,Coope,scoope5h@netlog.com,Female,240.71.125.209,2017-05-28,000006,10
199,Connor,Piesing,cpiesing5i@w3.org,Male,187.129.23.217,2017-05-21,000042,3
200,Jeremias,Pantlin,jpantlin5j@wikipedia.org,Male,160.212.7.125,2017-05-08,000011,4
201,Aurelea,Lax,alax5k@theatlantic.com,Female,126.60.230.105,2017-05-06,000050,3
202,Shena,Fraschini,sfraschini5l@ed.gov,Female,48.139.5.183,2017-05-17,000021,4
203,Kimberley,Bulluck,kbulluck5m@goo.gl,Female,29.2.155.234,2017-05-12,000036,3
204,Yettie,Phipson,yphipson5n@rambler.ru,Female,107.36.51.247,2017-05-12,000037,8
205,Jewel,Parrin,jparrin5o@cargocollective.com,Female,147.29.235.129,2017-05-28,000037,8
206,Veronike,Rewcastle,vrewcastle5p@amazonaws.com,Female,36.219.175.141,2017-05-10,000023,1
207,Lonnard,Joye,ljoye5q@cam.ac.uk,Male,173.187.236.87,2017-05-04,000042,8
208,Rowney,Pouton,rpouton5r@jimdo.com,Male,91.240.75.111,2017-05-23,000004,10
209,Kippy,Withrington,kwithrington5s@earthlink.net,Male,201.0.131.152,2017-05-09,000034,6
210,Burty,Jeune,bjeune5t@cocolog-nifty.com,Male,118.106.105.68,2017-05-03,000008,10
211,Vivia,Lecount,vlecount5u@icio.us,Female,91.236.173.249,2017-05-04,000042,1
212,Arri,Parradine,aparradine5v@upenn.edu,Male,138.167.158.104,2017-05-23,000045,9
213,Katherine,Ledgerton,kledgerton5w@rambler.ru,Female,22.161.51.26,2017-05-04,000019,8
214,Chip,Wistance,cwistance5x@amazon.co.jp,Male,56.54.114.110,2017-05-08,000049,7
215,Darelle,Townes,dtownes5y@guardian.co.uk,Female,81.31.128.48,2017-05-03,000031,8
216,Clemmy,Hindshaw,chindshaw5z@chicagotribune.com,Male,132.247.246.229,2017-05-25,000009,1
217,Neall,Falkingham,nfalkingham60@dagondesign.com,Male,104.194.85.219,2017-05-02,000004,6
218,Terrel,Tocque,ttocque61@nhs.uk,Male,183.222.71.94,2017-05-30,000032,7
219,Drugi,Knipe,dknipe62@shareasale.com,Male,78.191.247.162,2017-05-25,000015,9
220,Mei,Haselup,mhaselup63@yandex.ru,Female,99.171.232.37,2017-05-10,000017,5
221,Lena,Gasticke,lgasticke64@reverbnation.com,Female,28.138.82.48,2017-05-20,000046,4
222,Oates,Bellwood,obellwood65@prnewswire.com,Male,180.215.77.71,2017-05-13,000018,4
223,Abagael,Kocher,akocher66@jiathis.com,Female,34.0.119.157,2017-05-21,000007,6
224,Arin,Bettley,abettley67@xrea.com,Male,23.131.214.138,2017-05-21,000001,8
225,Clerkclaude,Leander,cleander68@dyndns.org,Male,143.42.80.60,2017-05-19,000047,3
226,Farly,Vorley,fvorley69@cpanel.net,Male,155.121.167.56,2017-05-25,000013,2
227,Bobette,Rennix,brennix6a@1und1.de,Female,93.242.140.9,2017-05-26,000015,2
228,Reg,Points,rpoints6b@qq.com,Male,205.166.47.159,2017-05-16,000044,10
229,Ted,Hinder,thinder6c@umn.edu,Male,228.94.206.56,2017-05-03,000045,10
230,Susi,Screen,sscreen6d@google.es,Female,45.88.14.30,2017-05-09,000033,6
231,Berri,Tandey,btandey6e@wordpress.com,Female,144.179.156.82,2017-05-14,000027,9
232,Oralee,Paszak,opaszak6f@sogou.com,Female,79.254.82.205,2017-05-01,000018,1
233,Rachael,Gammell,rgammell6g@berkeley.edu,Female,146.69.151.56,2017-05-27,000007,4
234,Yvonne,Siemandl,ysiemandl6h@hubpages.com,Female,177.226.24.62,2017-05-04,000020,1
235,Cletus,Yukhnin,cyukhnin6i@over-blog.com,Male,234.47.128.75,2017-05-29,000011,5
236,Stevana,Lawden,slawden6j@europa.eu,Female,37.79.239.40,2017-05-20,000029,10
237,Ardene,Inkpen,ainkpen6k@imgur.com,Female,160.21.222.149,2017-05-22,000041,7
238,Towny,Brendeke,tbrendeke6l@imageshack.us,Male,37.91.23.132,2017-05-20,000032,4
239,Esdras,Kinnard,ekinnard6m@arstechnica.com,Male,63.75.89.180,2017-05-10,000001,1
240,Cicily,Spellesy,cspellesy6n@ihg.com,Female,13.69.55.110,2017-05-22,000007,8
241,Dre,Le-Good,dlegood6o@smugmug.com,Female,240.235.196.162,2017-05-24,000031,2
242,Royall,Ricoald,rricoald6p@washington.edu,Male,34.168.210.198,2017-05-06,000048,7
243,Thain,Guinane,tguinane6q@nasa.gov,Male,177.212.125.194,2017-05-05,000002,5
244,Basil,Cannicott,bcannicott6r@smugmug.com,Male,221.118.111.158,2017-05-27,000006,6
245,Kanya,McKmurrie,kmckmurrie6s@smugmug.com,Female,9.60.163.149,2017-05-04,000018,10
246,Seline,Slimme,sslimme6t@berkeley.edu,Female,252.172.216.58,2017-05-03,000011,2
247,Findley,Carbine,fcarbine6u@stumbleupon.com,Male,5.48.82.243,2017-05-28,000024,7
248,Sena,Renad,srenad6v@vkontakte.ru,Female,96.28.1.208,2017-05-17,000014,9
249,Merill,Conrart,mconrart6w@so-net.ne.jp,Male,203.41.114.77,2017-05-14,000041,1
250,Garvy,Swatten,gswatten6x@census.gov,Male,179.201.107.178,2017-05-04,000023,9
251,Katusha,Brecknell,kbrecknell6y@japanpost.jp,Female,58.152.0.148,2017-05-16,000006,9
252,Hebert,Donnachie,hdonnachie6z@xing.com,Male,129.103.96.91,2017-05-19,000029,4
253,Colman,Clyde,cclyde70@acquirethisname.com,Male,44.116.179.43,2017-05-21,000050,3
254,Skye,Silwood,ssilwood71@oracle.com,Male,240.168.102.204,2017-05-04,000002,5
255,Adolph,Deboy,adeboy72@paginegialle.it,Male,47.163.62.196,2017-05-01,000042,9
256,Bradford,Gonet,bgonet73@livejournal.com,Male,21.198.215.155,2017-05-15,000029,3
257,Margarete,Cremin,mcremin74@nature.com,Female,217.66.68.174,2017-05-30,000028,10
258,Althea,Cockrem,acockrem75@cisco.com,Female,64.143.173.50,2017-05-03,000024,8
259,Wallis,Abelwhite,wabelwhite76@163.com,Male,247.32.176.28,2017-05-05,000022,2
260,Leodora,Braffington,lbraffington77@paypal.com,Female,45.53.0.72,2017-05-19,000028,1
261,Konstantine,Janowicz,kjanowicz78@google.ca,Male,123.97.209.176,2017-05-04,000035,2
262,Elston,McIllroy,emcillroy79@deliciousdays.com,Male,250.63.241.90,2017-05-24,000043,10
263,Phylys,Stollery,pstollery7a@github.io,Female,66.151.173.195,2017-05-22,000010,2
264,Gill,Isac,gisac7b@wisc.edu,Female,52.165.210.162,2017-05-12,000022,4
265,Quintus,Van der Beek,qvanderbeek7c@diigo.com,Male,226.70.65.228,2017-05-04,000046,10
266,Vidovik,Weedenburg,vweedenburg7d@nature.com,Male,8.198.183.86,2017-05-17,000003,4
267,Abie,Sobtka,asobtka7e@vkontakte.ru,Male,92.41.195.206,2017-05-05,000028,8
268,Dell,Pedrick,dpedrick7f@hostgator.com,Female,252.142.50.187,2017-05-29,000003,3
269,Vannie,Sclater,vsclater7g@cafepress.com,Female,163.82.23.199,2017-05-28,000022,10
270,Sylvan,Janeczek,sjaneczek7h@free.fr,Male,196.220.92.91,2017-05-06,000021,5
271,Alika,Braddick,abraddick7i@sciencedirect.com,Female,243.38.195.43,2017-05-25,000031,4
272,Dyna,Bowdrey,dbowdrey7j@php.net,Female,148.29.199.158,2017-05-25,000007,5
273,Dianna,Newns,dnewns7k@squidoo.com,Female,66.194.182.141,2017-05-02,000016,8
274,Tillie,Meake,tmeake7l@photobucket.com,Female,253.176.78.206,2017-05-28,000007,9
275,Neely,Laskey,nlaskey7m@businesswire.com,Female,7.87.74.188,2017-05-08,000019,4
276,Curr,Norker,cnorker7n@clickbank.net,Male,233.80.7.133,2017-05-20,000005,3
277,Florie,Farnon,ffarnon7o@time.com,Female,110.173.230.250,2017-05-31,000012,4
278,Pepe,Gossage,pgossage7p@bigcartel.com,Male,226.23.88.26,2017-05-10,000050,1
279,Katrina,Jochen,kjochen7q@ow.ly,Female,200.96.135.135,2017-05-05,000017,5
280,Raimundo,Gherardi,rgherardi7r@microsoft.com,Male,183.112.109.180,2017-05-08,000043,7
281,Elfrieda,Girkins,egirkins7s@imageshack.us,Female,179.84.39.234,2017-05-15,000034,10
282,Angelo,Hamnett,ahamnett7t@columbia.edu,Male,221.111.124.247,2017-05-28,000017,4
283,Merridie,Bourthouloume,mbourthouloume7u@psu.edu,Female,125.216.34.160,2017-05-03,000026,6
284,Fayina,Jaquiss,fjaquiss7v@europa.eu,Female,25.73.170.49,2017-05-07,000020,7
285,Drud,Capstaff,dcapstaff7w@123-reg.co.uk,Male,160.197.212.37,2017-05-20,000010,9
286,Hilliary,Ziemen,hziemen7x@netlog.com,Female,224.43.38.136,2017-05-28,000038,4
287,Emmery,Trenoweth,etrenoweth7y@auda.org.au,Male,122.198.175.234,2017-05-10,000040,1
288,Gwendolin,Cockhill,gcockhill7z@i2i.jp,Female,25.127.177.181,2017-05-25,000009,4
289,Garry,Whatling,gwhatling80@deviantart.com,Male,130.226.25.170,2017-05-18,000038,3
290,Demetrius,Shearman,dshearman81@ibm.com,Male,208.49.246.3,2017-05-11,000013,5
291,Flynn,Burdoun,fburdoun82@who.int,Male,251.238.184.213,2017-05-06,000038,6
292,Stoddard,Pilmoor,spilmoor83@census.gov,Female,81.15.80.222,2017-05-10,000039,4
293,Flem,McGarrahan,fmcgarrahan84@merriam-webster.com,Male,116.211.101.158,2017-05-17,000014,10
294,Risa,McKeating,rmckeating85@smugmug.com,Female,155.105.202.7,2017-05-19,000002,10
295,Galvan,Kearford,gkearford86@sfgate.com,Male,236.101.150.6,2017-05-25,000041,9
296,Janice,Fitzpayn,jfitzpayn87@hibu.com,Female,16.57.49.96,2017-05-10,000049,5
297,Hymie,Cosley,hcosley88@disqus.com,Male,18.231.141.185,2017-05-16,000040,3
298,Rutherford,Flook,rflook89@godaddy.com,Male,128.51.59.38,2017-05-03,000017,2
299,Karlie,Joist,kjoist8a@house.gov,Female,53.173.176.168,2017-05-30,000021,10
300,Lek,Ivashov,livashov8b@spotify.com,Male,129.30.95.1,2017-05-23,000031,9
301,Isa,Gebb,igebb8c@blogtalkradio.com,Male,159.116.9.67,2017-05-19,000033,8
302,Abbott,Archanbault,aarchanbault8d@blog.com,Male,52.56.42.222,2017-05-27,000007,8
303,Vidovik,Crumbie,vcrumbie8e@java.com,Male,136.49.230.255,2017-05-06,000018,1
304,Richy,Lamplough,rlamplough8f@aol.com,Male,227.212.166.29,2017-05-28,000009,3
305,Broderic,Steger,bsteger8g@ted.com,Male,199.233.87.26,2017-05-14,000006,1
306,Alden,Cundey,acundey8h@artisteer.com,Male,105.7.185.91,2017-05-16,000007,4
307,Jan,Ravenhills,jravenhills8i@imgur.com,Male,187.95.248.183,2017-05-01,000019,10
308,Rosanne,Lemerie,rlemerie8j@joomla.org,Female,255.196.252.176,2017-05-30,000045,1
309,Bronson,Bazely,bbazely8k@surveymonkey.com,Male,39.89.240.75,2017-05-20,000011,5
310,Frank,Waterdrinker,fwaterdrinker8l@netlog.com,Male,254.25.73.63,2017-05-24,000033,3
311,Pierrette,Tsarovic,ptsarovic8m@4shared.com,Female,44.111.5.30,2017-05-17,000018,8
312,Paquito,Bartholomew,pbartholomew8n@symantec.com,Male,216.68.115.72,2017-05-03,000047,2
313,Marsha,Prandin,mprandin8o@ycombinator.com,Female,114.246.51.164,2017-05-26,000048,5
314,Sallie,Ivanyushin,sivanyushin8p@google.com.au,Female,118.26.68.109,2017-05-08,000010,9
315,Florenza,Benstead,fbenstead8q@bizjournals.com,Female,212.100.21.40,2017-05-07,000016,9
316,Mycah,Kingzett,mkingzett8r@adobe.com,Male,228.135.250.47,2017-05-08,000030,6
317,Gery,Demann,gdemann8s@house.gov,Male,120.4.128.2,2017-05-20,000017,4
318,Letta,Haywood,lhaywood8t@reference.com,Female,3.148.243.148,2017-05-07,000029,5
319,Maddy,McAreavey,mmcareavey8u@merriam-webster.com,Female,214.92.115.145,2017-05-07,000001,6
320,Skylar,Rosendall,srosendall8v@usnews.com,Male,48.182.149.98,2017-05-19,000006,5
321,Dorice,Maccaddie,dmaccaddie8w@hatena.ne.jp,Female,59.221.205.98,2017-05-27,000018,6
322,Maria,Burdett,mburdett8x@prlog.org,Female,215.177.96.129,2017-05-15,000009,2
323,Theadora,Blenkinship,tblenkinship8y@sphinn.com,Female,173.57.52.113,2017-05-04,000013,4
324,Jeremy,Trahair,jtrahair8z@phpbb.com,Male,241.99.47.237,2017-05-29,000004,2
325,Fionnula,Castleton,fcastleton90@mapy.cz,Female,5.171.204.38,2017-05-02,000009,8
326,Shari,Dannett,sdannett91@apache.org,Female,222.160.96.250,2017-05-14,000022,10
327,Margery,Fouracre,mfouracre92@sohu.com,Female,13.83.169.112,2017-05-01,000010,7
328,Emilie,Vittet,evittet93@weebly.com,Female,225.126.59.58,2017-05-05,000034,6
329,Mattie,Angliss,mangliss94@godaddy.com,Female,211.48.186.72,2017-05-20,000029,2
330,Willis,Le Galle,wlegalle95@clickbank.net,Male,226.76.61.118,2017-05-15,000044,1
331,Pat,Zuan,pzuan96@disqus.com,Male,226.40.248.130,2017-05-18,000046,6
332,Loralee,Gaze,lgaze97@desdev.cn,Female,45.57.210.225,2017-05-24,000045,2
333,Beckie,Yurikov,byurikov98@deviantart.com,Female,90.180.91.5,2017-05-10,000045,8
334,Lois,Amiranda,lamiranda99@tiny.cc,Female,39.218.228.133,2017-05-03,000023,10
335,Brandi,MacCafferky,bmaccafferky9a@shop-pro.jp,Female,90.175.104.208,2017-05-14,000015,10
336,Cordi,Eastmead,ceastmead9b@japanpost.jp,Female,11.176.158.236,2017-05-08,000035,6
337,Sammy,Levens,slevens9c@stumbleupon.com,Female,199.222.250.151,2017-05-22,000018,6
338,Berton,Thresh,bthresh9d@dion.ne.jp,Male,214.37.146.250,2017-05-13,000039,10
339,Radcliffe,Brandenberg,rbrandenberg9e@exblog.jp,Male,164.35.192.143,2017-05-31,000046,2
340,Cassi,Tickner,ctickner9f@foxnews.com,Female,107.244.194.243,2017-05-15,000025,4
341,Jerrilyn,Bratten,jbratten9g@craigslist.org,Female,137.23.98.94,2017-05-04,000037,7
342,Kimble,Vize,kvize9h@nsw.gov.au,Male,1.69.68.189,2017-05-07,000049,1
343,Brnaby,Mulvey,bmulvey9i@51.la,Male,63.30.209.82,2017-05-12,000003,7
344,Valentia,Harlock,vharlock9j@phpbb.com,Female,132.127.71.158,2017-05-17,000012,1
345,Norton,Dulanty,ndulanty9k@auda.org.au,Male,118.77.91.81,2017-05-07,000025,1
346,Viola,Marmon,vmarmon9l@dyndns.org,Female,80.168.212.226,2017-05-31,000029,1
347,Renato,Dillintone,rdillintone9m@soundcloud.com,Male,188.96.54.67,2017-05-16,000050,6
348,Kippie,Eglaise,keglaise9n@liveinternet.ru,Male,62.157.156.151,2017-05-21,000042,9
349,Chaddie,Ingall,cingall9o@imgur.com,Male,125.204.26.246,2017-05-02,000049,3
350,Stanley,Gorham,sgorham9p@xrea.com,Male,58.118.55.13,2017-05-02,000008,7
351,Russ,Gotfrey,rgotfrey9q@wikipedia.org,Male,218.169.72.58,2017-05-30,000020,8
352,Javier,Seery,jseery9r@goo.ne.jp,Male,239.109.55.251,2017-05-12,000006,3
353,Joela,Coulbeck,jcoulbeck9s@behance.net,Female,111.121.243.69,2017-05-25,000009,6
354,Lanita,Scoullar,lscoullar9t@bluehost.com,Female,38.218.21.234,2017-05-21,000037,10
355,Kristen,Trattles,ktrattles9u@geocities.com,Female,209.123.55.192,2017-05-29,000001,4
356,Noelyn,Avison,navison9v@dmoz.org,Female,17.238.33.109,2017-05-10,000044,3
357,Antone,MacAulay,amacaulay9w@discovery.com,Male,88.38.105.20,2017-05-16,000026,6
358,Annemarie,Milmore,amilmore9x@redcross.org,Female,131.147.113.250,2017-05-22,000037,4
359,Petunia,Castagne,pcastagne9y@examiner.com,Female,204.97.26.91,2017-05-06,000043,10
360,Carmelia,Nemchinov,cnemchinov9z@youtube.com,Female,107.62.147.231,2017-05-28,000028,6
361,Jacintha,Willison,jwillisona0@patch.com,Female,254.230.219.209,2017-05-08,000025,7
362,Aida,Pleat,apleata1@vk.com,Female,204.33.139.120,2017-05-28,000028,3
363,Hester,Chree,hchreea2@sun.com,Female,121.152.158.198,2017-05-16,000012,7
364,Putnam,Halpine,phalpinea3@linkedin.com,Male,210.122.182.240,2017-05-19,000025,6
365,Reed,Tattershall,rtattershalla4@phoca.cz,Male,89.14.168.180,2017-05-15,000004,10
366,Dodi,Goldberg,dgoldberga5@cmu.edu,Female,155.39.154.191,2017-05-23,000031,8
367,Basile,Mease,bmeasea6@sciencedaily.com,Male,154.40.192.151,2017-05-07,000037,7
368,Hally,McGauhy,hmcgauhya7@indiatimes.com,Female,114.50.93.94,2017-05-01,000019,2
369,Arni,Caspell,acaspella8@biblegateway.com,Male,38.64.121.27,2017-05-21,000010,10
370,Harald,Dilley,hdilleya9@ftc.gov,Male,9.182.202.155,2017-05-10,000021,2
371,Alaine,Bullent,abullentaa@hexun.com,Female,87.79.7.73,2017-05-30,000005,5
372,Reider,Meade,rmeadeab@nydailynews.com,Male,67.112.78.96,2017-05-20,000016,5
373,Edie,Longmuir,elongmuirac@e-recht24.de,Female,189.143.6.166,2017-05-22,000018,4
374,Afton,Biasotti,abiasottiad@xing.com,Female,255.183.172.166,2017-05-08,000012,1
375,Colline,Blackadder,cblackadderae@macromedia.com,Female,39.210.77.120,2017-05-29,000013,7
376,Tedi,Caris,tcarisaf@behance.net,Female,175.187.123.192,2017-05-03,000011,5
377,Fernando,Leaves,fleavesag@sitemeter.com,Male,115.61.80.239,2017-05-16,000026,6
378,Armstrong,Cone,aconeah@xinhuanet.com,Male,254.173.113.12,2017-05-09,000028,5
379,Forester,Morpeth,fmorpethai@cnbc.com,Male,86.12.44.39,2017-05-25,000040,10
380,Valle,Meys,vmeysaj@state.tx.us,Male,230.143.192.129,2017-05-20,000038,6
381,Tobi,Eat,teatak@csmonitor.com,Female,93.71.188.248,2017-05-19,000005,7
382,Gayler,Boyson,gboysonal@arstechnica.com,Male,69.156.250.237,2017-05-02,000026,10
383,Hussein,Ferebee,hferebeeam@over-blog.com,Male,97.70.41.39,2017-05-10,000021,9
384,Allis,Scogin,ascoginan@barnesandnoble.com,Female,142.160.61.1,2017-05-18,000031,5
385,Rochette,Girton,rgirtonao@digg.com,Female,140.193.53.226,2017-05-14,000018,2
386,Alie,Swain,aswainap@eventbrite.com,Female,166.223.166.83,2017-05-03,000005,7
387,Olivier,Geockle,ogeockleaq@live.com,Male,192.183.73.48,2017-05-23,000019,7
388,Dode,Wilkisson,dwilkissonar@pcworld.com,Female,245.28.94.142,2017-05-25,000020,10
389,Gert,Badcock,gbadcockas@blogspot.com,Female,243.213.229.116,2017-05-02,000014,7
390,Vaughan,Hadye,vhadyeat@si.edu,Male,175.224.207.39,2017-05-07,000013,1
391,Diane-marie,MacIlurick,dmacilurickau@ycombinator.com,Female,137.227.249.18,2017-05-23,000044,10
392,Ossie,Trowbridge,otrowbridgeav@zdnet.com,Male,193.87.172.77,2017-05-04,000035,8
393,Anny,Rapinett,arapinettaw@free.fr,Female,66.14.50.235,2017-05-25,000045,6
394,Viviene,de Bullion,vdebullionax@timesonline.co.uk,Female,166.238.47.24,2017-05-08,000018,4
395,Gaile,Vales,gvalesay@usda.gov,Male,168.48.35.135,2017-05-19,000038,10
396,Rodolfo,Chang,rchangaz@apple.com,Male,183.30.86.45,2017-05-19,000050,7
397,Gnni,Walewski,gwalewskib0@accuweather.com,Female,50.9.224.151,2017-05-31,000045,6
398,Will,Romanet,wromanetb1@themeforest.net,Male,161.175.246.235,2017-05-19,000024,7
399,Ahmad,Worlock,aworlockb2@bbc.co.uk,Male,74.89.180.236,2017-05-11,000048,10
400,Vi,Dewes,vdewesb3@dagondesign.com,Female,211.114.236.169,2017-05-17,000001,2
401,Netta,Mosby,nmosbyb4@mapquest.com,Female,208.160.176.19,2017-05-16,000039,1
402,Erina,Stolberg,estolbergb5@macromedia.com,Female,226.153.57.176,2017-05-24,000033,2
403,Frieda,Schuler,fschulerb6@independent.co.uk,Female,116.238.109.86,2017-05-30,000015,7
404,Gerek,Tolland,gtollandb7@businesswire.com,Male,6.107.15.232,2017-05-23,000014,10
405,Sapphire,Partlett,spartlettb8@prnewswire.com,Female,238.238.91.147,2017-05-28,000002,3
406,Pascale,Portsmouth,pportsmouthb9@github.io,Male,220.131.210.97,2017-05-09,000002,4
407,Kristofer,Avrahamov,kavrahamovba@ocn.ne.jp,Male,207.100.129.66,2017-05-12,000043,2
408,Gabey,Atherley,gatherleybb@census.gov,Female,64.113.25.38,2017-05-12,000042,1
409,Christophe,Golson,cgolsonbc@census.gov,Male,46.66.210.208,2017-05-02,000014,5
410,Emmy,Jeram,ejerambd@google.fr,Male,51.181.164.152,2017-05-31,000037,7
411,Cloe,Comellini,ccomellinibe@unicef.org,Female,35.124.54.69,2017-05-03,000011,9
412,Gayel,Wasielewski,gwasielewskibf@ucoz.com,Female,53.161.123.20,2017-05-01,000045,1
413,Christoph,Marson,cmarsonbg@goodreads.com,Male,117.239.209.130,2017-05-22,000011,4
414,Whitney,Gyves,wgyvesbh@joomla.org,Male,247.50.219.85,2017-05-15,000035,5
415,Cthrine,Banes,cbanesbi@msn.com,Female,23.117.87.130,2017-05-28,000041,4
416,Vivian,Rattray,vrattraybj@yolasite.com,Female,11.235.20.184,2017-05-27,000048,8
417,Laney,Featherstonehaugh,lfeatherstonehaughbk@shop-pro.jp,Male,203.93.27.248,2017-05-01,000002,10
418,Xenos,Pridie,xpridiebl@theglobeandmail.com,Male,34.224.186.135,2017-05-02,000030,6
419,Mersey,Heymann,mheymannbm@patch.com,Female,12.103.158.137,2017-05-14,000019,1
420,Rivalee,Stivens,rstivensbn@jigsy.com,Female,207.118.2.118,2017-05-06,000002,6
421,Noby,Pumphrey,npumphreybo@miibeian.gov.cn,Male,131.51.87.31,2017-05-09,000028,4
422,Merrill,Wims,mwimsbp@chicagotribune.com,Male,196.73.111.129,2017-05-26,000039,3
423,Ferd,O'Cannan,focannanbq@google.com.hk,Male,6.211.158.103,2017-05-05,000004,8
424,Rich,Giles,rgilesbr@desdev.cn,Male,180.173.67.113,2017-05-16,000010,4
425,Mathilde,Olijve,molijvebs@europa.eu,Female,103.201.181.84,2017-05-27,000014,1
426,Cesaro,McClenaghan,cmcclenaghanbt@360.cn,Male,89.148.148.192,2017-05-28,000032,7
427,Pebrook,Dowse,pdowsebu@chronoengine.com,Male,186.167.136.207,2017-05-30,000027,8
428,Zacharia,Ahrendsen,zahrendsenbv@360.cn,Male,132.2.98.86,2017-05-12,000027,8
429,Kalina,Tytherton,ktythertonbw@google.co.uk,Female,161.46.174.181,2017-05-03,000009,3
430,Valma,Huitt,vhuittbx@amazon.co.uk,Female,90.163.147.115,2017-05-07,000009,2
431,Elnar,Alp,ealpby@examiner.com,Male,103.12.104.112,2017-05-08,000007,1
432,Sherwood,Jaskowicz,sjaskowiczbz@artisteer.com,Male,17.75.75.145,2017-05-29,000024,3
433,Shellie,Camidge,scamidgec0@twitter.com,Female,12.218.88.8,2017-05-28,000036,6
434,Hillard,Machel,hmachelc1@cbslocal.com,Male,54.122.112.212,2017-05-31,000032,10
435,Othella,Vivians,oviviansc2@bing.com,Female,213.60.26.1,2017-05-24,000025,10
436,Adriane,Blazewski,ablazewskic3@flickr.com,Female,115.29.102.6,2017-05-23,000046,3
437,Hobard,Gyles,hgylesc4@craigslist.org,Male,58.23.119.109,2017-05-04,000019,4
438,Budd,Frontczak,bfrontczakc5@intel.com,Male,106.233.221.88,2017-05-16,000050,1
439,Ramon,Melhuish,rmelhuishc6@wix.com,Male,157.65.29.244,2017-05-07,000012,7
440,Nickie,Mortlock,nmortlockc7@amazonaws.com,Male,170.212.191.52,2017-05-23,000015,5
441,Douglas,Cosley,dcosleyc8@noaa.gov,Male,116.207.35.216,2017-05-31,000028,8
442,Hilda,Ion,hionc9@wired.com,Female,0.53.114.122,2017-05-21,000048,5
443,Boote,Moral,bmoralca@gizmodo.com,Male,137.223.51.35,2017-05-11,000007,8
444,Otes,Meffan,omeffancb@engadget.com,Male,232.156.36.104,2017-05-26,000019,1
445,Mellisa,Anyene,manyenecc@elpais.com,Female,20.21.12.101,2017-05-17,000036,3
446,Moe,Smithson,msmithsoncd@narod.ru,Male,240.172.237.185,2017-05-14,000027,7
447,Vanda,Toye,vtoyece@booking.com,Female,147.9.7.152,2017-05-06,000015,2
448,Sabine,Solleme,ssollemecf@census.gov,Female,254.3.232.153,2017-05-01,000044,5
449,Ario,Gadsby,agadsbycg@artisteer.com,Male,123.135.196.103,2017-05-15,000008,4
450,Guy,Larman,glarmanch@storify.com,Male,1.117.239.143,2017-05-29,000007,9
451,Haskell,Usmar,husmarci@foxnews.com,Male,90.169.59.173,2017-05-18,000012,9
452,Salomone,Jindra,sjindracj@latimes.com,Male,40.250.139.104,2017-05-13,000001,2
453,Shari,Stanford,sstanfordck@4shared.com,Female,197.152.194.241,2017-05-05,000008,7
454,Steward,Aldgate,saldgatecl@discuz.net,Male,191.140.36.56,2017-05-02,000002,1
455,Dallis,Scarlet,dscarletcm@indiatimes.com,Male,111.173.214.8,2017-05-12,000006,5
456,Cybill,Powton,cpowtoncn@ow.ly,Female,57.208.58.138,2017-05-23,000036,2
457,Filide,Nosworthy,fnosworthyco@goodreads.com,Female,187.39.44.20,2017-05-03,000007,2
458,Marieann,Wykey,mwykeycp@reference.com,Female,145.115.219.24,2017-05-14,000009,4
459,Ariella,Netherclift,anethercliftcq@is.gd,Female,190.52.133.47,2017-05-21,000007,3
460,Mile,Huglin,mhuglincr@dagondesign.com,Male,43.1.221.123,2017-05-01,000049,6
461,Cullin,Hassey,chasseycs@salon.com,Male,8.24.156.248,2017-05-27,000043,6
462,Greggory,Glowinski,gglowinskict@geocities.jp,Male,53.11.150.245,2017-05-25,000036,5
463,Nolana,Lynagh,nlynaghcu@gizmodo.com,Female,189.215.2.214,2017-05-28,000043,1
464,Hercule,Fendley,hfendleycv@reference.com,Male,173.50.82.163,2017-05-22,000015,3
465,Rene,Cowles,rcowlescw@photobucket.com,Female,147.79.165.97,2017-05-26,000028,5
466,Lind,Han,lhancx@domainmarket.com,Female,115.41.79.252,2017-05-09,000048,8
467,Datha,Kubanek,dkubanekcy@earthlink.net,Female,128.50.28.149,2017-05-12,000041,4
468,Carmela,Nerger,cnergercz@cnet.com,Female,57.178.204.228,2017-05-09,000036,9
469,Dorene,Jenik,djenikd0@ed.gov,Female,148.34.108.113,2017-05-17,000025,10
470,Arlen,Padden,apaddend1@dailymail.co.uk,Female,56.157.196.176,2017-05-12,000031,10
471,Bunny,Maypes,bmaypesd2@t-online.de,Female,224.5.153.191,2017-05-31,000015,7
472,Margaux,Davidovits,mdavidovitsd3@quantcast.com,Female,196.116.101.141,2017-05-05,000036,8
473,Brant,Boyford,bboyfordd4@creativecommons.org,Male,35.19.132.132,2017-05-12,000047,9
474,Ezmeralda,Middlemiss,emiddlemissd5@51.la,Female,134.27.109.92,2017-05-12,000034,7
475,Ardis,Gever,ageverd6@patch.com,Female,73.169.3.39,2017-05-11,000026,6
476,Georgiana,Daviot,gdaviotd7@comsenz.com,Female,186.184.195.153,2017-05-25,000011,10
477,Ches,Robinson,crobinsond8@discuz.net,Male,66.16.200.216,2017-05-26,000025,9
478,Olympie,Di Bartolomeo,odibartolomeod9@independent.co.uk,Female,218.69.225.156,2017-05-29,000039,4
479,Luisa,Abrami,labramida@gizmodo.com,Female,167.167.29.43,2017-05-19,000003,9
480,Teresina,Barrott,tbarrottdb@icq.com,Female,29.120.159.250,2017-05-24,000007,10
481,Scott,Pochet,spochetdc@t-online.de,Male,106.172.130.175,2017-05-29,000020,10
482,Patric,Mewrcik,pmewrcikdd@rediff.com,Male,182.66.74.131,2017-05-12,000014,3
483,Billie,Carette,bcarettede@tinypic.com,Female,8.51.91.128,2017-05-26,000012,2
484,Ewart,Allnatt,eallnattdf@indiegogo.com,Male,229.175.247.183,2017-05-01,000035,4
485,Roxi,Elia,reliadg@mapquest.com,Female,227.158.150.60,2017-05-10,000010,3
486,Clair,Basten,cbastendh@toplist.cz,Female,61.48.69.225,2017-05-16,000021,1
487,Tildy,Dandie,tdandiedi@w3.org,Female,47.119.60.136,2017-05-03,000042,5
488,Evelin,Ballister,eballisterdj@networksolutions.com,Male,23.210.154.245,2017-05-26,000007,10
489,Harcourt,Sommerled,hsommerleddk@blogger.com,Male,82.211.223.99,2017-05-03,000005,4
490,Upton,Grinikhinov,ugrinikhinovdl@amazonaws.com,Male,159.10.195.153,2017-05-02,000011,3
491,Emmi,Adamov,eadamovdm@census.gov,Female,203.174.184.111,2017-05-10,000004,2
492,Eddy,Blazynski,eblazynskidn@yellowpages.com,Female,209.90.220.186,2017-05-01,000022,9
493,Darnall,Headrick,dheadrickdo@tamu.edu,Male,103.214.71.2,2017-05-27,000039,1
494,Giuditta,Brickham,gbrickhamdp@wordpress.com,Female,207.248.149.117,2017-05-15,000045,6
495,Jasen,Duffield,jduffielddq@usgs.gov,Male,105.52.229.62,2017-05-22,000048,1
496,Evanne,Healks,ehealksdr@unblog.fr,Female,73.120.192.248,2017-05-22,000021,9
497,Fields,Struis,fstruisds@newsvine.com,Male,179.242.177.195,2017-05-07,000020,7
498,Janaya,Bastone,jbastonedt@cdc.gov,Female,199.162.122.128,2017-05-27,000016,5
499,Stevie,Smullin,ssmullindu@nbcnews.com,Male,203.76.217.151,2017-05-30,000020,9
500,Dennie,Blest,dblestdv@newyorker.com,Female,79.44.80.230,2017-05-03,000039,4
501,Neddy,Lyst,nlystdw@princeton.edu,Male,224.240.15.117,2017-05-24,000037,7
502,Chen,Punter,cpunterdx@friendfeed.com,Male,231.56.51.97,2017-05-11,000046,1
503,Theressa,Gerleit,tgerleitdy@msn.com,Female,78.199.32.255,2017-05-23,000016,1
504,Myer,East,meastdz@sohu.com,Male,3.137.255.253,2017-05-14,000012,5
505,Shay,Popelay,spopelaye0@chronoengine.com,Male,33.18.201.18,2017-05-20,000040,3
506,Sheelah,Ivanyutin,sivanyutine1@seattletimes.com,Female,226.208.155.224,2017-05-19,000023,7
507,Flory,Hardaway,fhardawaye2@jigsy.com,Male,156.255.236.53,2017-05-19,000026,5
508,Tedmund,Winspear,twinspeare3@4shared.com,Male,65.90.94.169,2017-05-07,000048,10
509,Aubrette,Mincher,aminchere4@sphinn.com,Female,234.121.65.13,2017-05-14,000009,4
510,Willette,Tembridge,wtembridgee5@prnewswire.com,Female,245.67.230.145,2017-05-08,000003,8
511,Letitia,Becarra,lbecarrae6@google.nl,Female,164.36.15.227,2017-05-17,000012,5
512,Hazlett,Pattle,hpattlee7@com.com,Male,0.172.21.197,2017-05-04,000027,4
513,Tam,Bernardino,tbernardinoe8@miitbeian.gov.cn,Male,255.219.80.230,2017-05-16,000041,6
514,Vonni,Jeandot,vjeandote9@macromedia.com,Female,136.91.197.152,2017-05-28,000046,6
515,Berty,Gibbings,bgibbingsea@samsung.com,Male,16.174.120.80,2017-05-13,000023,7
516,Sibylle,Bere,sbereeb@oracle.com,Female,89.227.227.130,2017-05-29,000022,6
517,Werner,Gonsalvo,wgonsalvoec@arstechnica.com,Male,125.61.132.38,2017-05-23,000025,1
518,Del,Lauga,dlaugaed@chron.com,Male,203.197.225.47,2017-05-20,000047,2
519,Panchito,Taree,ptareeee@google.de,Male,62.162.150.161,2017-05-06,000035,3
520,Sella,Cockburn,scockburnef@theguardian.com,Female,44.133.228.213,2017-05-23,000010,10
521,Mar,Semered,msemeredeg@twitpic.com,Male,150.57.172.33,2017-05-24,000036,9
522,Ludvig,Burnand,lburnandeh@wired.com,Male,187.16.163.242,2017-05-25,000050,3
523,Edie,O'Looney,eolooneyei@lycos.com,Female,152.129.149.98,2017-05-17,000034,5
524,Anjela,Szymonowicz,aszymonowiczej@earthlink.net,Female,111.205.36.146,2017-05-26,000021,7
525,Temp,Valasek,tvalasekek@istockphoto.com,Male,206.98.23.80,2017-05-14,000014,9
526,Heidie,Connar,hconnarel@g.co,Female,30.63.243.86,2017-05-05,000033,3
527,Mitzi,Le Floch,mleflochem@furl.net,Female,90.104.202.47,2017-05-13,000031,2
528,Garold,Worsom,gworsomen@jugem.jp,Male,96.68.133.232,2017-05-12,000019,2
529,Heriberto,Durnford,hdurnfordeo@miitbeian.gov.cn,Male,199.171.12.121,2017-05-03,000020,2
530,Jamaal,Pieter,jpieterep@google.ru,Male,236.1.231.5,2017-05-31,000021,2
531,Tiler,D'Agostino,tdagostinoeq@psu.edu,Male,19.38.46.41,2017-05-31,000037,5
532,Fanya,Adamo,fadamoer@opensource.org,Female,82.27.183.197,2017-05-06,000048,10
533,Peder,Atmore,patmorees@list-manage.com,Male,20.180.112.24,2017-05-22,000045,7
534,Vernen,Gabbetis,vgabbetiset@google.es,Male,179.212.130.239,2017-05-07,000031,2
535,Ara,Newbery,anewberyeu@twitpic.com,Male,13.99.131.106,2017-05-07,000048,1
536,Enrika,Lanktree,elanktreeev@dell.com,Female,174.5.5.119,2017-05-23,000029,5
537,Kassia,Bene,kbeneew@feedburner.com,Female,104.196.220.163,2017-05-17,000016,4
538,Andee,Pinchon,apinchonex@disqus.com,Female,42.100.36.22,2017-05-10,000041,2
539,Edin,Ravilious,eraviliousey@liveinternet.ru,Female,195.36.198.181,2017-05-12,000009,8
540,Roddy,Fowell,rfowellez@google.com.hk,Male,24.249.73.11,2017-05-20,000009,10
541,Scotti,Stiggles,sstigglesf0@printfriendly.com,Male,37.33.130.38,2017-05-05,000005,4
542,Sherye,Spenley,sspenleyf1@about.com,Female,78.51.131.19,2017-05-11,000022,5
543,Brandon,Milam,bmilamf2@about.me,Male,191.84.204.69,2017-05-23,000027,9
544,Ermin,Gobeaux,egobeauxf3@imgur.com,Male,81.133.245.198,2017-05-05,000018,4
545,Pedro,McCoughan,pmccoughanf4@who.int,Male,16.218.172.159,2017-05-15,000028,7
546,Bathsheba,Renwick,brenwickf5@prnewswire.com,Female,87.0.55.91,2017-05-10,000016,5
547,Anastasie,Blackeby,ablackebyf6@youtu.be,Female,211.12.196.56,2017-05-07,000045,4
548,Harriet,Braddock,hbraddockf7@paypal.com,Female,122.158.207.185,2017-05-13,000018,1
549,Sela,Woodberry,swoodberryf8@home.pl,Female,108.38.218.44,2017-05-10,000026,3
550,Jon,Rives,jrivesf9@quantcast.com,Male,65.177.127.236,2017-05-02,000021,3
551,Bondy,Mardy,bmardyfa@newsvine.com,Male,143.75.211.49,2017-05-02,000005,7
552,Lemuel,Achrameev,lachrameevfb@icq.com,Male,202.110.156.254,2017-05-01,000007,1
553,Aksel,McCafferky,amccafferkyfc@tinyurl.com,Male,125.182.61.230,2017-05-29,000012,1
554,Siegfried,Crickmer,scrickmerfd@chicagotribune.com,Male,180.141.68.58,2017-05-27,000031,9
555,Reuven,Weiser,rweiserfe@state.tx.us,Male,208.197.25.78,2017-05-25,000005,7
556,Mychal,Minchinton,mminchintonff@opensource.org,Male,66.57.58.187,2017-05-01,000004,4
557,Vonni,Emburey,vembureyfg@privacy.gov.au,Female,245.159.1.190,2017-05-19,000040,7
558,Brady,Hargitt,bhargittfh@java.com,Male,18.226.54.236,2017-05-25,000018,8
559,Nanine,Kempster,nkempsterfi@kickstarter.com,Female,182.236.178.174,2017-05-20,000018,10
560,Cindelyn,Geering,cgeeringfj@ucoz.ru,Female,26.128.228.159,2017-05-30,000028,3
561,Rosamond,Mascall,rmascallfk@reuters.com,Female,91.183.141.70,2017-05-11,000037,6
562,Zechariah,Roast,zroastfl@storify.com,Male,129.242.188.75,2017-05-16,000005,7
563,Shell,Jickles,sjicklesfm@deliciousdays.com,Female,226.128.59.224,2017-05-11,000020,2
564,Grenville,Choulerton,gchoulertonfn@reference.com,Male,131.228.228.88,2017-05-06,000018,8
565,Oliviero,Pepler,opeplerfo@cpanel.net,Male,76.237.116.184,2017-05-30,000032,6
566,Marguerite,Koomar,mkoomarfp@dot.gov,Female,59.127.210.151,2017-05-13,000047,3
567,Anya,Fawloe,afawloefq@discovery.com,Female,200.219.170.151,2017-05-10,000003,4
568,Tiphany,Haveline,thavelinefr@zdnet.com,Female,186.109.191.106,2017-05-20,000030,2
569,Nance,Bateson,nbatesonfs@smugmug.com,Female,3.252.117.175,2017-05-12,000032,10
570,Leonerd,Echelle,lechelleft@reverbnation.com,Male,146.105.181.222,2017-05-13,000036,9
571,Allix,Leathwood,aleathwoodfu@wisc.edu,Female,10.235.140.62,2017-05-20,000007,5
572,Jeni,Wilkes,jwilkesfv@cnbc.com,Female,85.134.235.198,2017-05-14,000031,10
573,Bay,Cassar,bcassarfw@imgur.com,Male,71.186.189.153,2017-05-17,000003,7
574,Eolande,Towner,etownerfx@bloglines.com,Female,123.225.55.225,2017-05-30,000041,3
575,Tadd,Baterip,tbateripfy@japanpost.jp,Male,72.184.6.17,2017-05-12,000022,9
576,Kendell,Jeaycock,kjeaycockfz@walmart.com,Male,81.152.58.205,2017-05-15,000044,7
577,Pasquale,Bubeer,pbubeerg0@tmall.com,Male,120.242.69.136,2017-05-27,000003,5
578,Guilbert,Crolla,gcrollag1@wikia.com,Male,176.68.190.208,2017-05-20,000019,9
579,Gerty,Deuss,gdeussg2@cbc.ca,Female,217.29.15.142,2017-05-04,000007,4
580,Shaun,Jeggo,sjeggog3@cloudflare.com,Male,93.248.56.10,2017-05-04,000049,4
581,Nollie,Juan,njuang4@google.pl,Female,98.114.242.120,2017-05-12,000032,6
582,Honor,Hubert,hhubertg5@lulu.com,Female,58.91.24.179,2017-05-20,000015,8
583,Addi,Bifield,abifieldg6@hibu.com,Female,227.166.34.228,2017-05-19,000008,5
584,Schuyler,Hudel,shudelg7@nbcnews.com,Male,121.106.163.77,2017-05-22,000016,7
585,Evyn,Mcettrick,emcettrickg8@biglobe.ne.jp,Male,26.60.189.98,2017-05-06,000022,6
586,Micki,Marwick,mmarwickg9@go.com,Female,255.247.187.157,2017-05-21,000048,1
587,Reece,Shewan,rshewanga@state.tx.us,Male,206.130.107.234,2017-05-06,000003,3
588,Ophelia,Renahan,orenahangb@hhs.gov,Female,212.137.52.207,2017-05-05,000004,10
589,Aggie,Praill,apraillgc@hhs.gov,Female,171.109.232.180,2017-05-21,000022,2
590,Judas,Klimkin,jklimkingd@elegantthemes.com,Male,214.161.70.73,2017-05-01,000012,10
591,Deane,Theuss,dtheussge@diigo.com,Female,0.142.8.133,2017-05-01,000019,4
592,Julia,"Messier,",jmessiergf@nyu.edu,Female,3.110.209.175,2017-05-13,000029,10
593,Jillayne,Ough,joughgg@seesaa.net,Female,70.191.73.108,2017-05-13,000030,6
594,Lorelei,Dossetter,ldossettergh@skyrock.com,Female,61.191.94.148,2017-05-07,000006,5
595,Morganica,Arnaldo,marnaldogi@pen.io,Female,192.124.229.148,2017-05-30,000026,5
596,Ellary,Ironside,eironsidegj@amazon.com,Male,186.240.21.80,2017-05-22,000033,5
597,Arch,Trye,atryegk@sohu.com,Male,225.83.201.140,2017-05-17,000047,6
598,Devi,Blanko,dblankogl@indiegogo.com,Female,85.195.203.152,2017-05-20,000037,8
599,Syman,Defond,sdefondgm@google.com.au,Male,253.144.41.0,2017-05-02,000025,10
600,Gael,Ashelford,gashelfordgn@hibu.com,Female,147.166.85.40,2017-05-06,000036,9
601,Alden,Spadaro,aspadarogo@ning.com,Male,108.107.146.64,2017-05-16,000048,4
602,Thorn,McKiernan,tmckiernangp@altervista.org,Male,71.3.107.247,2017-05-11,000047,7
603,Susy,Vescovo,svescovogq@bbb.org,Female,121.121.235.107,2017-05-30,000013,9
604,Llewellyn,Shepeard,lshepeardgr@google.pl,Male,158.129.70.25,2017-05-06,000029,6
605,Finn,Janew,fjanewgs@deviantart.com,Male,38.80.204.169,2017-05-10,000045,5
606,Llewellyn,Lavallie,llavalliegt@boston.com,Male,127.228.8.57,2017-05-14,000006,2
607,Lon,Bayles,lbaylesgu@sitemeter.com,Male,211.249.209.3,2017-05-14,000046,2
608,Jaymie,Chaney,jchaneygv@phoca.cz,Male,235.253.128.35,2017-05-20,000009,5
609,Franky,Kennerley,fkennerleygw@networkadvertising.org,Male,62.137.115.242,2017-05-26,000022,7
610,Angela,Prettyjohns,aprettyjohnsgx@soundcloud.com,Female,210.123.234.39,2017-05-05,000014,4
611,Jerry,Hanselmann,jhanselmanngy@linkedin.com,Male,20.215.132.131,2017-05-17,000011,1
612,Jodi,Killingbeck,jkillingbeckgz@upenn.edu,Male,139.144.201.91,2017-05-25,000031,8
613,Duffy,Thurston,dthurstonh0@guardian.co.uk,Male,103.190.198.231,2017-05-11,000043,6
614,Brett,Branwhite,bbranwhiteh1@yahoo.com,Male,48.85.6.141,2017-05-04,000026,8
615,Kelsey,Artz,kartzh2@webs.com,Female,52.147.0.200,2017-05-08,000006,9
616,Dwayne,Whithorn,dwhithornh3@guardian.co.uk,Male,124.43.208.205,2017-05-21,000009,4
617,Bryon,Feaveryear,bfeaveryearh4@trellian.com,Male,140.208.248.217,2017-05-15,000008,4
618,Brand,Toffel,btoffelh5@chronoengine.com,Male,117.14.220.227,2017-05-07,000039,5
619,Tamiko,Rathke,trathkeh6@sohu.com,Female,108.190.215.52,2017-05-28,000007,1
620,Vernon,Pinnion,vpinnionh7@paginegialle.it,Male,134.47.95.196,2017-05-20,000030,6
621,Emalee,Fairman,efairmanh8@usgs.gov,Female,178.248.32.214,2017-05-25,000029,9
622,Arni,Erridge,aerridgeh9@studiopress.com,Male,89.0.103.203,2017-05-03,000027,6
623,Doll,Keam,dkeamha@csmonitor.com,Female,150.136.3.207,2017-05-08,000007,5
624,Terrill,Hedaux,thedauxhb@infoseek.co.jp,Male,105.169.174.35,2017-05-20,000031,7
625,Prent,Wessing,pwessinghc@accuweather.com,Male,101.201.177.11,2017-05-10,000007,2
626,Torrey,Mill,tmillhd@loc.gov,Male,140.113.15.92,2017-05-06,000026,5
627,Ethelind,Persse,eperssehe@wsj.com,Female,46.225.173.24,2017-05-04,000005,3
628,Winthrop,Gaddie,wgaddiehf@wsj.com,Male,184.222.76.34,2017-05-25,000002,5
629,Sybyl,Wareing,swareinghg@google.ca,Female,148.220.74.244,2017-05-10,000036,1
630,Booth,Girvin,bgirvinhh@irs.gov,Male,39.16.68.188,2017-05-05,000050,10
631,Paddie,Ruit,pruithi@irs.gov,Male,92.173.8.10,2017-05-17,000043,6
632,Kyle,Booi,kbooihj@home.pl,Male,205.56.57.6,2017-05-17,000027,8
633,Gretna,Gouldbourn,ggouldbournhk@blogtalkradio.com,Female,16.155.4.61,2017-05-29,000007,9
634,Larina,Pinn,lpinnhl@hugedomains.com,Female,197.252.110.92,2017-05-27,000045,3
635,Lyda,Boothroyd,lboothroydhm@friendfeed.com,Female,17.9.85.14,2017-05-13,000010,3
636,Sayers,Happel,shappelhn@wikispaces.com,Male,99.225.177.111,2017-05-11,000038,8
637,Wally,Luno,wlunoho@sitemeter.com,Male,63.87.47.152,2017-05-05,000037,1
638,Nichols,Brignall,nbrignallhp@google.ca,Male,105.58.246.76,2017-05-12,000011,2
639,Francesco,Piel,fpielhq@shinystat.com,Male,85.189.40.249,2017-05-23,000022,4
640,Lowell,Olcot,lolcothr@rakuten.co.jp,Male,108.132.246.216,2017-05-26,000008,3
641,Fred,Cordeix,fcordeixhs@soundcloud.com,Male,36.220.20.9,2017-05-29,000018,1
642,Bourke,Handasyde,bhandasydeht@wired.com,Male,166.121.45.92,2017-05-25,000010,7
643,Cherilyn,Witheridge,cwitheridgehu@soup.io,Female,173.4.164.151,2017-05-27,000008,7
644,Clem,Dutchburn,cdutchburnhv@cargocollective.com,Female,86.57.28.177,2017-05-27,000043,2
645,Sophie,Ramsden,sramsdenhw@unc.edu,Female,225.132.180.48,2017-05-12,000047,8
646,Filide,Doale,fdoalehx@about.me,Female,80.63.36.170,2017-05-06,000040,2
647,Emory,McCord,emccordhy@geocities.jp,Male,36.69.240.213,2017-05-15,000031,7
648,Myrle,Eveling,mevelinghz@naver.com,Female,194.229.179.68,2017-05-04,000032,6
649,Biron,Calafate,bcalafatei0@bigcartel.com,Male,30.246.210.143,2017-05-18,000032,9
650,Kath,Maleby,kmalebyi1@foxnews.com,Female,45.215.204.31,2017-05-31,000031,6
651,Allister,Sloper,asloperi2@gizmodo.com,Male,60.138.159.152,2017-05-16,000021,2
652,Noach,McGeaney,nmcgeaneyi3@multiply.com,Male,11.58.180.122,2017-05-27,000016,1
653,Anton,Crookall,acrookalli4@clickbank.net,Male,171.131.93.59,2017-05-09,000043,8
654,Anitra,Gronow,agronowi5@tripod.com,Female,163.139.214.198,2017-05-21,000025,10
655,Nolly,Wilkins,nwilkinsi6@alibaba.com,Male,114.14.151.180,2017-05-07,000015,4
656,Salomone,Bigg,sbiggi7@yahoo.co.jp,Male,79.152.199.159,2017-05-09,000025,4
657,Joletta,Raveau,jraveaui8@webs.com,Female,90.174.247.164,2017-05-19,000015,1
658,Osgood,Pawellek,opawelleki9@ezinearticles.com,Male,64.20.136.187,2017-05-28,000046,8
659,Hamid,Soares,hsoaresia@mac.com,Male,122.75.13.227,2017-05-25,000049,8
660,Paloma,Corneille,pcorneilleib@businessweek.com,Female,250.81.86.155,2017-05-01,000031,9
661,Marcelle,Farnell,mfarnellic@ibm.com,Female,189.133.202.186,2017-05-13,000033,7
662,Donal,Leneve,dleneveid@homestead.com,Male,219.129.177.176,2017-05-16,000005,8
663,Meggi,Synder,msynderie@hugedomains.com,Female,107.193.228.177,2017-05-25,000035,9
664,Cosmo,Mauger,cmaugerif@jugem.jp,Male,61.1.118.168,2017-05-19,000028,6
665,Lissa,Liggins,lligginsig@illinois.edu,Female,129.129.60.17,2017-05-10,000050,5
666,Isiahi,Cudbertson,icudbertsonih@addtoany.com,Male,0.205.238.49,2017-05-30,000033,2
667,Tawnya,Birks,tbirksii@livejournal.com,Female,206.241.240.178,2017-05-31,000005,7
668,Addie,McCorrie,amccorrieij@cnet.com,Female,37.32.140.146,2017-05-01,000042,3
669,Jerri,Jeffs,jjeffsik@pen.io,Male,154.68.22.197,2017-05-13,000049,6
670,Brewster,Jerromes,bjerromesil@mozilla.org,Male,204.242.143.65,2017-05-13,000001,5
671,Yves,Coppeard,ycoppeardim@prlog.org,Male,254.186.234.65,2017-05-21,000046,5
672,Meryl,Comini,mcominiin@macromedia.com,Female,172.134.192.164,2017-05-05,000042,4
673,Shane,Donn,sdonnio@slate.com,Male,240.157.29.252,2017-05-12,000041,3
674,Devin,Sinkinson,dsinkinsonip@discuz.net,Male,95.191.147.135,2017-05-28,000029,5
675,Gloriane,Owenson,gowensoniq@ed.gov,Female,9.80.213.173,2017-05-27,000024,1
676,Timothea,Eloy,teloyir@umn.edu,Female,140.139.7.11,2017-05-23,000037,1
677,Clare,Nott,cnottis@de.vu,Male,115.209.241.143,2017-05-12,000011,1
678,Edmund,Screas,escreasit@furl.net,Male,48.121.231.112,2017-05-02,000017,8
679,Tudor,Digwood,tdigwoodiu@artisteer.com,Male,91.216.139.42,2017-05-10,000007,9
680,Maude,Bunkle,mbunkleiv@prnewswire.com,Female,110.205.64.25,2017-05-11,000029,3
681,Nickolai,Goldster,ngoldsteriw@apache.org,Male,39.158.100.31,2017-05-13,000034,4
682,Garvy,Spurett,gspurettix@bloomberg.com,Male,63.66.229.222,2017-05-24,000039,5
683,Tobey,Clewarth,tclewarthiy@marketwatch.com,Female,192.187.55.206,2017-05-31,000006,9
684,Winna,Brymner,wbrymneriz@huffingtonpost.com,Female,10.132.53.149,2017-05-17,000028,1
685,Jandy,Carwithim,jcarwithimj0@hhs.gov,Female,121.60.52.226,2017-05-25,000024,3
686,Wake,Felgat,wfelgatj1@abc.net.au,Male,39.243.27.204,2017-05-26,000006,10
687,Lambert,Byars,lbyarsj2@oakley.com,Male,62.15.108.64,2017-05-27,000015,2
688,Tabbi,Filinkov,tfilinkovj3@nydailynews.com,Female,195.114.97.53,2017-05-14,000019,4
689,Kelci,Attryde,kattrydej4@cnbc.com,Female,207.233.202.186,2017-05-06,000048,7
690,Ryann,Gymlett,rgymlettj5@tripod.com,Female,204.106.180.152,2017-05-15,000012,8
691,Shina,Langfat,slangfatj6@bing.com,Female,43.82.94.26,2017-05-15,000035,7
692,Chrysler,Farnworth,cfarnworthj7@aol.com,Female,171.152.241.164,2017-05-12,000029,5
693,Gabriele,Bloodworthe,gbloodworthej8@wp.com,Male,200.250.55.248,2017-05-23,000046,8
694,Biron,Chittleburgh,bchittleburghj9@thetimes.co.uk,Male,142.31.216.205,2017-05-19,000050,7
695,Abba,Leport,aleportja@ibm.com,Male,233.188.145.42,2017-05-27,000002,5
696,Imogene,Fitzsimmons,ifitzsimmonsjb@engadget.com,Female,48.190.177.211,2017-05-15,000024,2
697,Innis,Bianco,ibiancojc@lulu.com,Male,4.30.14.143,2017-05-24,000006,6
698,Tildie,Wilderspoon,twilderspoonjd@csmonitor.com,Female,42.187.104.107,2017-05-11,000050,7
699,Marita,Cawston,mcawstonje@lycos.com,Female,57.132.196.106,2017-05-12,000035,6
700,Nata,Kingsnod,nkingsnodjf@boston.com,Female,48.114.210.83,2017-05-17,000037,7
701,Hillyer,Wainscot,hwainscotjg@reddit.com,Male,105.145.175.251,2017-05-23,000030,6
702,Lilly,Tarbin,ltarbinjh@lulu.com,Female,197.125.148.95,2017-05-08,000039,1
703,Adey,Gabbett,agabbettji@reuters.com,Female,9.113.80.54,2017-05-14,000002,3
704,Neal,Bark,nbarkjj@example.com,Male,121.200.220.169,2017-05-21,000013,8
705,Helenka,Fitt,hfittjk@arizona.edu,Female,215.68.169.225,2017-05-26,000019,8
706,Rodi,Otridge,rotridgejl@amazon.com,Female,31.156.19.138,2017-05-11,000025,7
707,Lester,Muirden,lmuirdenjm@wordpress.com,Male,126.95.201.134,2017-05-15,000004,9
708,Hewet,Le Provest,hleprovestjn@army.mil,Male,96.37.95.52,2017-05-18,000021,2
709,Valentijn,Haizelden,vhaizeldenjo@cafepress.com,Male,48.103.248.96,2017-05-12,000037,10
710,Clemence,Bannell,cbannelljp@auda.org.au,Female,37.182.179.173,2017-05-09,000019,2
711,Elisabeth,Cassam,ecassamjq@list-manage.com,Female,58.234.228.50,2017-05-03,000050,1
712,Barbara-anne,Schutt,bschuttjr@ihg.com,Female,52.217.30.220,2017-05-21,000019,3
713,Iolande,Damrell,idamrelljs@buzzfeed.com,Female,139.202.151.239,2017-05-02,000048,2
714,Ardra,Jurs,ajursjt@istockphoto.com,Female,94.94.47.238,2017-05-07,000008,9
715,Raquela,MacMillan,rmacmillanju@cargocollective.com,Female,249.113.131.120,2017-05-08,000050,7
716,Adolphe,Brompton,abromptonjv@epa.gov,Male,82.96.171.143,2017-05-03,000027,8
717,Jeffry,Nornable,jnornablejw@mapy.cz,Male,10.4.188.144,2017-05-31,000027,10
718,Dilan,Sarsons,dsarsonsjx@hc360.com,Male,18.223.69.56,2017-05-13,000032,10
719,Gaynor,Enbury,genburyjy@webmd.com,Female,24.100.138.139,2017-05-15,000040,7
720,Dolorita,Wragge,dwraggejz@dropbox.com,Female,36.57.212.141,2017-05-10,000023,7
721,Sheffy,MacPaden,smacpadenk0@wikimedia.org,Male,17.148.124.113,2017-05-09,000048,5
722,Tandi,Stubbeley,tstubbeleyk1@noaa.gov,Female,234.96.82.121,2017-05-01,000014,1
723,Meade,McCraw,mmccrawk2@ifeng.com,Female,161.104.205.100,2017-05-01,000039,5
724,Chandal,Vondra,cvondrak3@skyrock.com,Female,150.55.246.27,2017-05-09,000011,2
725,Melisande,Huleatt,mhuleattk4@howstuffworks.com,Female,151.92.167.89,2017-05-17,000013,3
726,Hall,Ovanesian,hovanesiank5@usda.gov,Male,90.233.69.79,2017-05-22,000029,6
727,Melloney,Dominici,mdominicik6@a8.net,Female,144.46.189.93,2017-05-02,000030,9
728,Gal,Cowerd,gcowerdk7@photobucket.com,Male,126.1.89.60,2017-05-01,000006,8
729,Aldus,Lavallie,alavalliek8@slate.com,Male,146.243.212.89,2017-05-12,000013,3
730,Modestine,Tewkesberrie,mtewkesberriek9@yandex.ru,Female,150.185.212.147,2017-05-13,000044,8
731,Ripley,Bridell,rbridellka@lycos.com,Male,246.251.136.218,2017-05-05,000019,1
732,Kaia,Earngy,kearngykb@latimes.com,Female,23.244.109.11,2017-05-28,000021,3
733,Gerick,Millwater,gmillwaterkc@yellowbook.com,Male,172.151.40.22,2017-05-15,000012,9
734,Justinian,Billingham,jbillinghamkd@fda.gov,Male,91.86.145.237,2017-05-04,000032,3
735,Markus,Cutbush,mcutbushke@multiply.com,Male,215.225.213.171,2017-05-15,000003,8
736,Faye,Keford,fkefordkf@flavors.me,Female,250.29.29.226,2017-05-03,000035,5
737,Renault,Attewill,rattewillkg@plala.or.jp,Male,155.75.179.155,2017-05-29,000033,1
738,Cullen,Muglestone,cmuglestonekh@free.fr,Male,123.40.126.216,2017-05-08,000023,2
739,Sidonnie,Blueman,sbluemanki@1688.com,Female,4.42.7.248,2017-05-09,000040,1
740,Hilde,Kliche,hklichekj@wordpress.com,Female,159.159.160.185,2017-05-11,000046,10
741,Alfred,Iacovino,aiacovinokk@hibu.com,Male,137.66.212.253,2017-05-12,000025,10
742,Curtice,Chillcot,cchillcotkl@hibu.com,Male,247.66.145.55,2017-05-27,000002,9
743,Marga,Polino,mpolinokm@ucoz.com,Female,110.251.73.219,2017-05-28,000040,8
744,Crissie,Willoughley,cwilloughleykn@xrea.com,Female,34.176.17.90,2017-05-01,000020,3
745,Ado,Delos,adelosko@noaa.gov,Male,127.47.83.209,2017-05-29,000008,10
746,Nichols,Anthoney,nanthoneykp@comsenz.com,Male,128.124.82.86,2017-05-12,000006,3
747,Lissa,Billes,lbilleskq@usgs.gov,Female,82.36.7.25,2017-05-02,000014,5
748,Egan,Gotmann,egotmannkr@booking.com,Male,149.44.200.128,2017-05-07,000028,2
749,Eldin,Readings,ereadingsks@tuttocitta.it,Male,111.159.118.171,2017-05-30,000042,8
750,Maurine,Stares,mstareskt@msu.edu,Female,41.0.251.24,2017-05-09,000024,7
751,Claudian,Dragge,cdraggeku@army.mil,Male,113.24.174.26,2017-05-02,000036,4
752,Red,Fullick,rfullickkv@lycos.com,Male,89.49.249.253,2017-05-28,000007,10
753,Alonzo,Kilgallon,akilgallonkw@hugedomains.com,Male,28.182.82.107,2017-05-07,000032,10
754,Silvio,Bolderson,sboldersonkx@ft.com,Male,187.251.36.15,2017-05-10,000029,8
755,Benji,Corona,bcoronaky@bloomberg.com,Male,56.58.122.227,2017-05-10,000030,3
756,Kacy,Shropsheir,kshropsheirkz@hexun.com,Female,231.147.227.67,2017-05-09,000016,9
757,Sigismond,Sainsberry,ssainsberryl0@java.com,Male,190.57.52.59,2017-05-26,000032,6
758,Alvira,Worlidge,aworlidgel1@bigcartel.com,Female,159.180.134.69,2017-05-16,000018,10
759,Roslyn,Merington,rmeringtonl2@dagondesign.com,Female,162.152.255.84,2017-05-13,000003,1
760,Odetta,Parramore,oparramorel3@dmoz.org,Female,107.156.96.33,2017-05-04,000022,9
761,Demetris,Baildon,dbaildonl4@newyorker.com,Male,129.96.197.229,2017-05-01,000046,1
762,Arney,Epple,aepplel5@addtoany.com,Male,10.76.29.155,2017-05-25,000047,5
763,Dyanna,Hardy-Piggin,dhardypigginl6@cargocollective.com,Female,215.139.197.248,2017-05-13,000021,5
764,Alla,Morling,amorlingl7@amazonaws.com,Female,40.194.105.145,2017-05-30,000032,1
765,Bernardine,Andretti,bandrettil8@adobe.com,Female,91.144.75.172,2017-05-15,000008,1
766,Kitti,Elcy,kelcyl9@weebly.com,Female,67.225.0.156,2017-05-23,000044,3
767,Marline,Payton,mpaytonla@wisc.edu,Female,108.158.133.230,2017-05-16,000049,9
768,Mavra,Aggis,maggislb@illinois.edu,Female,30.38.40.8,2017-05-13,000006,5
769,Ardyth,Bartleet,abartleetlc@latimes.com,Female,70.27.182.190,2017-05-17,000023,8
770,Michele,Verey,mvereyld@xinhuanet.com,Female,143.122.11.249,2017-05-16,000036,9
771,Solomon,Sprigging,sspriggingle@amazon.de,Male,255.132.67.129,2017-05-03,000037,7
772,Phebe,Parkhouse,pparkhouself@merriam-webster.com,Female,127.97.134.125,2017-05-18,000049,5
773,Alwyn,Spurdon,aspurdonlg@ehow.com,Male,149.51.252.179,2017-05-20,000022,3
774,Noland,Porteous,nporteouslh@feedburner.com,Male,14.36.250.21,2017-05-30,000023,4
775,Bartolomeo,Bellenie,bbellenieli@mediafire.com,Male,120.216.134.75,2017-05-28,000021,1
776,Porty,Kalisz,pkaliszlj@boston.com,Male,0.58.56.227,2017-05-20,000043,4
777,Anett,Milthorpe,amilthorpelk@techcrunch.com,Female,187.78.134.8,2017-05-13,000006,1
778,Vince,Ferandez,vferandezll@hugedomains.com,Male,157.9.174.67,2017-05-31,000020,4
779,Wyndham,Kerwood,wkerwoodlm@imdb.com,Male,113.169.160.220,2017-05-11,000004,4
780,Even,Gabbitas,egabbitasln@dion.ne.jp,Male,250.214.216.21,2017-05-13,000046,6
781,Randie,Frosdick,rfrosdicklo@joomla.org,Male,200.255.93.254,2017-05-29,000026,6
782,Peggie,Lau,plaulp@yellowpages.com,Female,142.71.79.18,2017-05-30,000023,8
783,Ammamaria,Rowledge,arowledgelq@zimbio.com,Female,13.4.239.43,2017-05-11,000044,9
784,Osborne,Sivill,osivilllr@usda.gov,Male,149.27.253.254,2017-05-04,000049,3
785,Sherman,Hyndes,shyndesls@slideshare.net,Male,57.86.164.10,2017-05-09,000037,9
786,Adriena,Lamps,alampslt@goo.gl,Female,35.198.116.71,2017-05-17,000020,4
787,Genvieve,Grundwater,ggrundwaterlu@ebay.co.uk,Female,59.242.223.27,2017-05-21,000015,8
788,Karoly,Damrell,kdamrelllv@bloomberg.com,Male,234.23.143.245,2017-05-27,000028,9
789,Hurlee,Gras,hgraslw@bravesites.com,Male,145.202.131.8,2017-05-19,000018,3
790,Malchy,Whiteway,mwhitewaylx@nytimes.com,Male,155.254.220.165,2017-05-23,000030,6
791,Chryste,Fergie,cfergiely@oaic.gov.au,Female,254.145.125.44,2017-05-18,000013,10
792,Carie,Bravey,cbraveylz@berkeley.edu,Female,102.128.212.61,2017-05-05,000022,4
793,Aubert,Ewestace,aewestacem0@ovh.net,Male,17.190.176.174,2017-05-11,000046,3
794,Andriana,Lettley,alettleym1@dmoz.org,Female,152.28.60.110,2017-05-31,000012,2
795,Rodi,Petworth,rpetworthm2@hibu.com,Female,211.65.106.102,2017-05-26,000002,1
796,Kelila,Hellens,khellensm3@geocities.com,Female,73.1.51.254,2017-05-31,000041,4
797,Hailee,Snarr,hsnarrm4@whitehouse.gov,Female,19.124.32.235,2017-05-29,000024,6
798,Kathrine,Stiffell,kstiffellm5@behance.net,Female,109.196.176.69,2017-05-02,000038,1
799,Casandra,McTerlagh,cmcterlaghm6@elpais.com,Female,203.70.255.116,2017-05-28,000032,9
800,Boyd,Stoile,bstoilem7@sbwire.com,Male,191.224.196.114,2017-05-13,000019,4
801,Roseanne,Vizard,rvizardm8@artisteer.com,Female,36.186.167.105,2017-05-27,000001,8
802,Garvin,Comettoi,gcomettoim9@ask.com,Male,42.179.15.30,2017-05-17,000050,6
803,Thelma,Frear,tfrearma@psu.edu,Female,226.231.57.81,2017-05-10,000001,2
804,Sybille,Gatley,sgatleymb@amazon.com,Female,76.75.247.69,2017-05-14,000035,6
805,Francesca,Vassman,fvassmanmc@friendfeed.com,Female,48.17.222.52,2017-05-27,000014,1
806,Bill,Valois,bvaloismd@feedburner.com,Male,97.74.109.149,2017-05-18,000011,4
807,Seumas,Champain,schampainme@marriott.com,Male,132.181.241.87,2017-05-10,000019,5
808,Lovell,Goreisr,lgoreisrmf@clickbank.net,Male,240.66.98.152,2017-05-06,000012,8
809,Tierney,Offa,toffamg@tripadvisor.com,Female,113.185.184.251,2017-05-17,000025,9
810,Gordie,Maciejewski,gmaciejewskimh@oakley.com,Male,253.143.192.208,2017-05-29,000035,2
811,Luciana,Tibald,ltibaldmi@nyu.edu,Female,162.158.65.85,2017-05-11,000021,3
812,Zonnya,Fundell,zfundellmj@bluehost.com,Female,74.52.176.70,2017-05-22,000021,9
813,Halley,Asken,haskenmk@lycos.com,Female,110.16.230.127,2017-05-19,000048,8
814,Kingsly,Allsebrook,kallsebrookml@cbc.ca,Male,97.189.52.130,2017-05-29,000043,2
815,Aleda,Killshaw,akillshawmm@dedecms.com,Female,164.52.230.239,2017-05-23,000029,1
816,Denni,Upham,duphammn@nymag.com,Female,182.89.136.170,2017-05-02,000043,1
817,John,Fairlamb,jfairlambmo@tamu.edu,Male,184.76.5.60,2017-05-12,000050,9
818,Maia,Westcarr,mwestcarrmp@uiuc.edu,Female,1.77.95.242,2017-05-08,000034,5
819,Karilynn,Tebbutt,ktebbuttmq@upenn.edu,Female,142.10.6.123,2017-05-24,000049,5
820,Beaufort,Camoletto,bcamolettomr@amazonaws.com,Male,177.200.211.40,2017-05-10,000028,10
821,Tobe,Pleven,tplevenms@chron.com,Female,35.181.228.242,2017-05-02,000024,8
822,Robinet,Phinnis,rphinnismt@jiathis.com,Male,87.83.219.32,2017-05-18,000027,8
823,Madel,Rendbaek,mrendbaekmu@about.com,Female,29.9.255.107,2017-05-29,000022,3
824,Mordy,Alsobrook,malsobrookmv@netlog.com,Male,16.127.196.235,2017-05-17,000027,8
825,Fancy,Collishaw,fcollishawmw@sitemeter.com,Female,66.129.13.167,2017-05-28,000002,5
826,Meagan,Warne,mwarnemx@blogtalkradio.com,Female,23.2.20.39,2017-05-17,000047,8
827,Dasie,Cartner,dcartnermy@cbc.ca,Female,200.149.189.156,2017-05-19,000024,2
828,Alard,Staunton,astauntonmz@narod.ru,Male,16.41.144.15,2017-05-30,000020,8
829,Doretta,Dalrymple,ddalrymplen0@tinyurl.com,Female,255.83.159.250,2017-05-20,000028,1
830,Rebekkah,Malamore,rmalamoren1@google.es,Female,189.147.208.228,2017-05-08,000045,4
831,Wilton,Ybarra,wybarran2@angelfire.com,Male,8.224.155.158,2017-05-24,000032,2
832,Norman,Quantrill,nquantrilln3@irs.gov,Male,161.59.159.72,2017-05-31,000037,5
833,Bary,Bunting,bbuntingn4@ft.com,Male,175.112.106.126,2017-05-04,000046,7
834,Shell,Wynrahame,swynrahamen5@seesaa.net,Male,172.174.190.145,2017-05-22,000031,2
835,Kristi,Dudleston,kdudlestonn6@friendfeed.com,Female,228.205.0.159,2017-05-25,000020,6
836,Marcellus,Tomczynski,mtomczynskin7@ucoz.com,Male,176.231.46.49,2017-05-17,000019,1
837,Sammie,Sommerville,ssommervillen8@mac.com,Male,11.24.246.193,2017-05-03,000011,6
838,Yankee,Pickering,ypickeringn9@chicagotribune.com,Male,137.81.120.68,2017-05-25,000012,10
839,Taddeo,Primak,tprimakna@webnode.com,Male,192.6.191.138,2017-05-17,000001,9
840,Adorne,Hawkridge,ahawkridgenb@springer.com,Female,16.90.96.46,2017-05-22,000038,6
841,Idalina,Frodsham,ifrodshamnc@intel.com,Female,127.68.10.130,2017-05-05,000040,4
842,Raina,Langlands,rlanglandsnd@ezinearticles.com,Female,37.207.241.213,2017-05-28,000016,5
843,Eugenius,Kose,ekosene@house.gov,Male,240.60.82.49,2017-05-07,000008,1
844,Nissy,Goldsmith,ngoldsmithnf@studiopress.com,Female,169.214.99.186,2017-05-24,000042,5
845,Adela,Kays,akaysng@1und1.de,Female,58.11.122.143,2017-05-02,000050,1
846,Vick,Vogt,vvogtnh@youtu.be,Male,232.2.8.102,2017-05-09,000032,10
847,Shurlocke,Abrey,sabreyni@latimes.com,Male,225.95.234.94,2017-05-25,000026,2
848,Ignacius,Horder,ihordernj@forbes.com,Male,30.74.70.116,2017-05-07,000040,10
849,Bianka,Micklem,bmicklemnk@mozilla.org,Female,116.61.21.157,2017-05-10,000039,1
850,Rafaellle,Wetherburn,rwetherburnnl@rakuten.co.jp,Male,5.159.243.214,2017-05-26,000019,7
851,Allyn,Easson,aeassonnm@home.pl,Female,106.152.235.51,2017-05-25,000032,4
852,Quinn,Paoloni,qpaoloninn@amazonaws.com,Male,180.183.87.58,2017-05-17,000048,1
853,Gipsy,Ashurst,gashurstno@nbcnews.com,Female,139.250.141.250,2017-05-17,000001,10
854,Victoir,Rugiero,vrugieronp@upenn.edu,Male,110.5.82.14,2017-05-19,000025,6
855,Sigismondo,Case,scasenq@de.vu,Male,206.18.10.9,2017-05-20,000036,9
856,Bendicty,Elloway,bellowaynr@parallels.com,Male,80.169.17.59,2017-05-15,000033,10
857,Franklyn,Waltho,fwalthons@so-net.ne.jp,Male,228.214.240.26,2017-05-23,000002,5
858,Astrid,Embleton,aembletonnt@vimeo.com,Female,206.34.22.136,2017-05-13,000041,8
859,Barron,Baily,bbailynu@about.me,Male,81.102.255.118,2017-05-04,000008,3
860,Kimberlee,De Mitri,kdemitrinv@cdc.gov,Female,153.255.248.161,2017-05-10,000021,7
861,Gwyneth,Le Brum,glebrumnw@yolasite.com,Female,32.246.134.200,2017-05-05,000006,2
862,Diego,Matashkin,dmatashkinnx@redcross.org,Male,232.151.7.166,2017-05-20,000034,7
863,Ophelia,Stopher,ostopherny@reddit.com,Female,89.43.81.106,2017-05-27,000023,9
864,Sherman,Rhoddie,srhoddienz@java.com,Male,64.47.252.65,2017-05-16,000035,3
865,Vanya,Nono,vnonoo0@tamu.edu,Male,112.209.57.25,2017-05-21,000040,6
866,Udale,Batt,ubatto1@goo.gl,Male,241.243.202.95,2017-05-05,000006,5
867,Dian,Giorgetti,dgiorgettio2@twitter.com,Female,152.223.179.31,2017-05-07,000017,7
868,Edsel,McColm,emccolmo3@umich.edu,Male,1.212.92.60,2017-05-07,000038,4
869,Rancell,Setterfield,rsetterfieldo4@hao123.com,Male,15.105.143.40,2017-05-01,000024,8
870,Adda,Mundy,amundyo5@imdb.com,Female,15.199.251.89,2017-05-09,000019,6
871,Ilario,Epp,ieppo6@wikimedia.org,Male,13.134.86.125,2017-05-20,000020,5
872,Gerardo,Eplate,geplateo7@huffingtonpost.com,Male,250.112.148.173,2017-05-02,000018,7
873,Codi,Docker,cdockero8@yellowpages.com,Male,88.188.105.87,2017-05-30,000014,2
874,Selene,Boodle,sboodleo9@flickr.com,Female,212.98.38.72,2017-05-19,000002,10
875,Vikki,Keggins,vkegginsoa@cargocollective.com,Female,42.94.212.165,2017-05-29,000044,8
876,Bliss,McManamen,bmcmanamenob@shop-pro.jp,Female,50.73.43.172,2017-05-21,000005,7
877,Maryann,Cazereau,mcazereauoc@cpanel.net,Female,185.162.46.222,2017-05-01,000009,6
878,Erie,Edleston,eedlestonod@va.gov,Male,174.63.147.246,2017-05-25,000013,6
879,Dalis,Sothern,dsothernoe@xinhuanet.com,Male,98.213.109.50,2017-05-21,000016,7
880,Aridatha,Sirr,asirrof@slashdot.org,Female,209.149.132.123,2017-05-30,000022,6
881,Mabelle,Pickton,mpicktonog@flickr.com,Female,14.248.95.134,2017-05-31,000001,10
882,Erik,Staner,estaneroh@answers.com,Male,115.146.36.239,2017-05-17,000033,3
883,Mitchel,Fries,mfriesoi@google.nl,Male,191.165.68.194,2017-05-10,000005,9
884,Edin,Franies,efraniesoj@theguardian.com,Female,14.196.113.81,2017-05-23,000045,1
885,Crysta,Suller,csullerok@bravesites.com,Female,154.39.249.24,2017-05-18,000048,9
886,Antonina,Toal,atoalol@xinhuanet.com,Female,9.90.169.246,2017-05-11,000027,9
887,Frans,Aslin,faslinom@youtu.be,Male,227.72.208.225,2017-05-12,000044,8
888,Sayer,Iozefovich,siozefovichon@51.la,Male,63.60.104.79,2017-05-30,000031,8
889,Humfrey,Nitto,hnittooo@taobao.com,Male,225.151.10.94,2017-05-10,000042,7
890,Johnnie,Robeson,jrobesonop@harvard.edu,Male,239.75.34.167,2017-05-27,000042,9
891,Warner,Barnhill,wbarnhilloq@google.com.au,Male,183.47.40.118,2017-05-03,000006,9
892,Victor,Wyre,vwyreor@wsj.com,Male,198.22.145.98,2017-05-15,000014,1
893,Carleton,Rosenfarb,crosenfarbos@ustream.tv,Male,54.247.85.77,2017-05-21,000034,3
894,Flint,Baulcombe,fbaulcombeot@geocities.com,Male,37.84.151.210,2017-05-12,000044,10
895,Darrell,Enright,denrightou@dailymotion.com,Male,204.43.59.160,2017-05-28,000032,2
896,Ami,Ingliss,ainglissov@msu.edu,Female,147.236.70.131,2017-05-05,000041,10
897,Roseanne,Bailess,rbailessow@indiatimes.com,Female,102.9.184.175,2017-05-13,000039,1
898,Lynn,McDermid,lmcdermidox@list-manage.com,Female,214.184.27.217,2017-05-02,000032,7
899,Adolph,Matheson,amathesonoy@webmd.com,Male,82.117.198.24,2017-05-04,000035,2
900,Giavani,Cuppleditch,gcuppleditchoz@upenn.edu,Male,50.0.44.203,2017-05-16,000008,7
901,Melamie,Claessens,mclaessensp0@facebook.com,Female,137.139.133.169,2017-05-29,000016,9
902,Simone,Russilll,srussilllp1@goodreads.com,Female,169.231.64.211,2017-05-21,000039,4
903,Magdalena,Mylechreest,mmylechreestp2@hc360.com,Female,121.152.17.89,2017-05-11,000027,2
904,Peria,Renouf,prenoufp3@home.pl,Female,198.223.185.147,2017-05-27,000025,8
905,Ruggiero,O'Flaherty,roflahertyp4@shutterfly.com,Male,102.175.13.157,2017-05-25,000011,9
906,Hally,Winskill,hwinskillp5@mit.edu,Female,33.97.253.129,2017-05-30,000046,8
907,Merle,Luckhurst,mluckhurstp6@whitehouse.gov,Male,71.222.232.235,2017-05-26,000049,1
908,Bryan,Lye,blyep7@prnewswire.com,Male,168.149.207.158,2017-05-22,000037,1
909,Adolphus,Annable,aannablep8@creativecommons.org,Male,91.112.216.195,2017-05-02,000028,8
910,Lucias,Mathelon,lmathelonp9@trellian.com,Male,26.218.124.142,2017-05-23,000010,10
911,Casey,Dimitriades,cdimitriadespa@ustream.tv,Female,188.196.126.30,2017-05-30,000011,5
912,Aryn,Whitehall,awhitehallpb@cloudflare.com,Female,198.234.79.95,2017-05-10,000039,3
913,Clyde,Ivanovic,civanovicpc@hp.com,Male,231.148.209.50,2017-05-16,000018,3
914,Gardener,Lynde,glyndepd@surveymonkey.com,Male,12.27.147.182,2017-05-27,000014,10
915,Maddie,Ewers,mewerspe@dell.com,Male,217.63.127.54,2017-05-03,000026,10
916,Mata,Rigglesford,mrigglesfordpf@nsw.gov.au,Male,4.57.83.230,2017-05-09,000050,4
917,Larine,Pavolillo,lpavolillopg@vimeo.com,Female,166.52.196.75,2017-05-20,000046,6
918,Janeczka,Temblett,jtemblettph@senate.gov,Female,67.193.39.153,2017-05-24,000038,8
919,Jens,Warlock,jwarlockpi@si.edu,Male,250.51.254.244,2017-05-24,000033,9
920,Hirsch,Bromilow,hbromilowpj@msn.com,Male,9.241.53.229,2017-05-01,000029,10
921,Bessy,Busse,bbussepk@npr.org,Female,235.171.101.71,2017-05-24,000011,10
922,Etty,Bester,ebesterpl@macromedia.com,Female,225.133.44.90,2017-05-30,000032,10
923,Costa,Beeke,cbeekepm@51.la,Male,246.131.179.59,2017-05-29,000050,7
924,Cos,Delacourt,cdelacourtpn@angelfire.com,Male,192.172.142.5,2017-05-28,000023,8
925,Piper,Balffye,pbalffyepo@gravatar.com,Female,85.139.162.197,2017-05-27,000049,3
926,Corly,Casaroli,ccasarolipp@hibu.com,Female,117.37.42.238,2017-05-28,000020,4
927,Gilburt,Moncreiffe,gmoncreiffepq@reddit.com,Male,14.29.138.244,2017-05-22,000016,5
928,Olwen,Pearmine,opearminepr@qq.com,Female,226.254.108.143,2017-05-12,000015,7
929,Fawn,Seamon,fseamonps@usnews.com,Female,43.97.169.74,2017-05-19,000034,1
930,Anna-diane,Walklate,awalklatept@so-net.ne.jp,Female,213.165.17.241,2017-05-09,000015,6
931,Urban,Whitecross,uwhitecrosspu@livejournal.com,Male,204.169.226.135,2017-05-07,000050,2
932,Tabbatha,Tremblett,ttremblettpv@dedecms.com,Female,251.134.241.227,2017-05-31,000027,4
933,Brockie,Ruben,brubenpw@nytimes.com,Male,49.220.18.65,2017-05-13,000035,10
934,Alden,Janousek,ajanousekpx@lycos.com,Male,0.47.77.54,2017-05-01,000008,5
935,Davy,Cesconi,dcesconipy@51.la,Male,197.67.21.86,2017-05-29,000026,1
936,Avictor,De Gregorio,adegregoriopz@reuters.com,Male,246.31.89.14,2017-05-03,000029,10
937,Dennet,Moutray Read,dmoutrayreadq0@mozilla.com,Male,170.86.23.71,2017-05-20,000047,9
938,Elaine,Singleton,esingletonq1@elegantthemes.com,Female,139.89.136.2,2017-05-21,000012,6
939,Lindsay,Skates,lskatesq2@disqus.com,Male,65.143.4.140,2017-05-18,000018,7
940,Basilio,Whitlaw,bwhitlawq3@ocn.ne.jp,Male,253.21.194.187,2017-05-29,000044,8
941,Orren,Poker,opokerq4@sina.com.cn,Male,135.168.38.143,2017-05-22,000015,2
942,Conchita,Pherps,cpherpsq5@wikispaces.com,Female,161.75.174.124,2017-05-07,000019,6
943,Rafferty,Weaver,rweaverq6@businesswire.com,Male,228.101.202.255,2017-05-21,000014,6
944,Florenza,Calver,fcalverq7@europa.eu,Female,6.63.157.247,2017-05-21,000026,10
945,Torrey,Sponer,tsponerq8@cisco.com,Male,30.126.253.63,2017-05-04,000030,4
946,Gaylene,Gilston,ggilstonq9@discuz.net,Female,137.119.41.65,2017-05-17,000006,2
947,Timothy,Suggey,tsuggeyqa@delicious.com,Male,184.195.186.19,2017-05-29,000004,4
948,Mellie,Christensen,mchristensenqb@live.com,Female,247.180.65.102,2017-05-12,000021,7
949,Harlin,Onions,honionsqc@uol.com.br,Male,251.176.91.166,2017-05-31,000036,8
950,Deane,Canada,dcanadaqd@baidu.com,Female,171.209.81.215,2017-05-31,000006,5
951,Candie,Deveral,cdeveralqe@hhs.gov,Female,225.101.31.238,2017-05-04,000020,7
952,Willie,Constant,wconstantqf@aol.com,Male,26.75.235.64,2017-05-07,000022,10
953,Lianne,Oldacres,loldacresqg@ameblo.jp,Female,203.228.166.210,2017-05-29,000037,6
954,Etienne,Iwaszkiewicz,eiwaszkiewiczqh@npr.org,Male,64.17.71.31,2017-05-05,000010,10
955,Elfreda,Topling,etoplingqi@cam.ac.uk,Female,149.64.213.14,2017-05-30,000017,2
956,Adriane,Rennix,arennixqj@lulu.com,Female,105.125.75.33,2017-05-18,000035,8
957,Gretel,Yuryshev,gyuryshevqk@icq.com,Female,236.97.230.207,2017-05-04,000031,4
958,Marthe,Calderhead,mcalderheadql@apple.com,Female,59.6.131.208,2017-05-11,000033,10
959,Annie,Zwicker,azwickerqm@tumblr.com,Female,183.239.155.226,2017-05-01,000050,8
960,Celia,McWhannel,cmcwhannelqn@unblog.fr,Female,96.84.50.39,2017-05-21,000019,3
961,Wylma,Mobius,wmobiusqo@japanpost.jp,Female,87.104.162.173,2017-05-15,000032,3
962,Isa,Klimt,iklimtqp@sourceforge.net,Female,108.118.162.90,2017-05-10,000023,10
963,Devina,Grishmanov,dgrishmanovqq@histats.com,Female,87.232.233.206,2017-05-14,000007,2
964,Giles,Wann,gwannqr@wikia.com,Male,57.166.47.125,2017-05-09,000017,10
965,Marven,Darrigoe,mdarrigoeqs@yandex.ru,Male,184.19.155.124,2017-05-09,000041,9
966,Oliver,Raigatt,oraigattqt@nymag.com,Male,167.63.95.63,2017-05-05,000030,9
967,Jsandye,Antoniazzi,jantoniazziqu@smugmug.com,Female,54.80.99.201,2017-05-29,000049,7
968,Batsheva,Kohrs,bkohrsqv@stanford.edu,Female,199.228.205.172,2017-05-24,000032,7
969,Billie,Sauniere,bsauniereqw@eventbrite.com,Male,130.106.118.147,2017-05-14,000041,2
970,Thomas,Bagnold,tbagnoldqx@nationalgeographic.com,Male,113.217.168.112,2017-05-18,000038,7
971,Vinny,Clineck,vclineckqy@wikia.com,Female,217.3.226.145,2017-05-24,000009,4
972,Broddy,Shellcross,bshellcrossqz@bloomberg.com,Male,130.53.87.223,2017-05-29,000017,6
973,Jackqueline,Wantling,jwantlingr0@cnet.com,Female,116.38.133.242,2017-05-21,000050,4
974,Waiter,Metheringham,wmetheringhamr1@wiley.com,Male,197.57.12.134,2017-05-04,000042,6
975,Mikael,McGraw,mmcgrawr2@msu.edu,Male,126.108.187.231,2017-05-24,000009,3
976,Rodie,Twell,rtwellr3@slate.com,Female,254.47.112.238,2017-05-04,000034,7
977,Veradis,Gier,vgierr4@photobucket.com,Female,85.69.228.239,2017-05-25,000023,3
978,Kenon,Tuckie,ktuckier5@cargocollective.com,Male,239.182.148.1,2017-05-01,000045,5
979,Benedetta,Hassewell,bhassewellr6@chicagotribune.com,Female,139.227.40.73,2017-05-27,000024,7
980,Haven,Clapham,hclaphamr7@comsenz.com,Male,14.230.78.94,2017-05-30,000041,8
981,Selena,Dusey,sduseyr8@sbwire.com,Female,203.76.96.66,2017-05-31,000032,7
982,Belvia,Whyman,bwhymanr9@desdev.cn,Female,201.3.132.26,2017-05-24,000023,4
983,Annalee,Behnecke,abehneckera@t-online.de,Female,81.96.248.159,2017-05-27,000011,2
984,Mack,Sanday,msandayrb@earthlink.net,Male,75.155.120.229,2017-05-30,000045,7
985,Esra,Crumpton,ecrumptonrc@live.com,Male,144.158.41.211,2017-05-05,000020,3
986,Evelyn,Cruickshanks,ecruickshanksrd@harvard.edu,Male,102.170.196.121,2017-05-06,000029,10
987,Karlee,Andriveaux,kandriveauxre@furl.net,Female,239.237.99.255,2017-05-02,000028,8
988,Stace,Rapsey,srapseyrf@cam.ac.uk,Female,42.16.249.229,2017-05-09,000041,1
989,Georg,Trighton,gtrightonrg@hibu.com,Male,247.101.220.119,2017-05-06,000031,10
990,Rod,Comiam,rcomiamrh@ow.ly,Male,69.92.190.8,2017-05-28,000018,2
991,Broddie,Hutsby,bhutsbyri@webs.com,Male,108.173.1.134,2017-05-24,000030,7
992,Rafaela,Scanlan,rscanlanrj@skyrock.com,Female,62.57.222.38,2017-05-21,000046,5
993,Sybilla,Tremellan,stremellanrk@devhub.com,Female,217.98.187.131,2017-05-03,000014,5
994,Michelle,Cheavin,mcheavinrl@dion.ne.jp,Female,136.137.230.176,2017-05-28,000025,6
995,Clive,Faust,cfaustrm@wsj.com,Male,88.35.32.22,2017-05-12,000045,7
996,Giff,Kite,gkitern@dot.gov,Male,91.143.120.154,2017-05-25,000036,3
997,Ahmad,Keeton,akeetonro@blogger.com,Male,191.97.68.233,2017-05-05,000027,3
998,Alonzo,O'Flynn,aoflynnrp@indiatimes.com,Male,73.145.56.165,2017-05-12,000006,2
999,Waylin,Tomaselli,wtomasellirq@example.com,Male,76.34.33.199,2017-05-05,000042,7
1000,Rivkah,Hasluck,rhasluckrr@163.com,Female,135.254.160.120,2017-05-12,000041,9
